head,relation,tail,source
scientists,develop,laws,https://en.wikipedia.org/wiki/Electromagnetism
which,give,rise,https://en.wikipedia.org/wiki/Electromagnetism
Meyer,retrieve,Herbert,https://en.wikipedia.org/wiki/Electromagnetism
du Trémolet de Lacheisserie,archive,Gignoux,https://en.wikipedia.org/wiki/Electromagnetism
Gignoux,archive,D.,https://en.wikipedia.org/wiki/Electromagnetism
D.,archive,Schlenker,https://en.wikipedia.org/wiki/Electromagnetism
Schlenker,archive,du Trémolet de Lacheisserie,https://en.wikipedia.org/wiki/Electromagnetism
Schlenker,archive,Magnetism,https://en.wikipedia.org/wiki/Electromagnetism
Magnetism,archive,New York,https://en.wikipedia.org/wiki/Electromagnetism
New York,archive,NY,https://en.wikipedia.org/wiki/Electromagnetism
NY,archive,Springer,https://en.wikipedia.org/wiki/Electromagnetism
Jim Lucas,retrieve,Ashley Hamer,https://en.wikipedia.org/wiki/Electromagnetism
Museum of Science,retrieve,Boston,https://en.wikipedia.org/wiki/Electromagnetism
charges,produce,field,https://en.wikipedia.org/wiki/Electric_field
Roche,see,John,https://en.wikipedia.org/wiki/Electric_field
Purcell,describe,Coulomb,https://en.wikipedia.org/wiki/Electric_field
R Nave –,archive,Georgia State University,https://en.wikipedia.org/wiki/Electric_field
Georgia State University,archive,Frank Wolfs's,https://en.wikipedia.org/wiki/Electric_field
Frank Wolfs's,archive,University of Rochester,https://en.wikipedia.org/wiki/Electric_field
Maxwell,know,Ampère,https://en.wikipedia.org/wiki/Magnetic_field
Ampère,know,Ampere,https://en.wikipedia.org/wiki/Magnetic_field
Ferraris,publish,research,https://en.wikipedia.org/wiki/Magnetic_field
Ampère,publish,model,https://en.wikipedia.org/wiki/Magnetic_field
which,describe,field,https://en.wikipedia.org/wiki/Magnetic_field
Faraday,discover,induction,https://en.wikipedia.org/wiki/Magnetic_field
Lord Kelvin,know,William Thomson,https://en.wikipedia.org/wiki/Magnetic_field
James Clerk Maxwell,develop,Maxwell,https://en.wikipedia.org/wiki/Magnetic_field
Hertz,publish,papers,https://en.wikipedia.org/wiki/Magnetic_field
Tesla,develop,motor,https://en.wikipedia.org/wiki/Magnetic_field
Galileo Ferraris,alternate,Torino,https://en.wikipedia.org/wiki/Magnetic_field
Torino,alternate,Milano,https://en.wikipedia.org/wiki/Magnetic_field
Wikimedia Commons,relate,Crowell,https://en.wikipedia.org/wiki/Magnetic_field
Crowell,relate,Nave,https://en.wikipedia.org/wiki/Magnetic_field
Nave,relate,Hoadley,https://en.wikipedia.org/wiki/Magnetic_field
Hoadley,relate,Rick,https://en.wikipedia.org/wiki/Magnetic_field
equations,have,variants,https://en.wikipedia.org/wiki/Maxwell%27s_equations
Einstein,develop,relativity,https://en.wikipedia.org/wiki/Maxwell%27s_equations
Faraday,describe,Maxwell,https://en.wikipedia.org/wiki/Maxwell%27s_equations
Maxwell,describe,Faraday,https://en.wikipedia.org/wiki/Maxwell%27s_equations
Gauss,use,Faraday,https://en.wikipedia.org/wiki/Maxwell%27s_equations
law,include,factor,https://en.wikipedia.org/wiki/Maxwell%27s_equations
equations,include,law,https://en.wikipedia.org/wiki/Maxwell%27s_equations
de Broglie,know,Schrödinger,https://en.wikipedia.org/wiki/Maxwell%27s_equations
Schrödinger,know,E.T. Jaynes,https://en.wikipedia.org/wiki/Maxwell%27s_equations
E.T. Jaynes,know,A.O. Barut,https://en.wikipedia.org/wiki/Maxwell%27s_equations
L. Zilberti,see,IEEE Magnetics Letters,https://en.wikipedia.org/wiki/Maxwell%27s_equations
we,call,ε0μ0)−1/2,https://en.wikipedia.org/wiki/Maxwell%27s_equations
U. Krey,use,A. Owen,https://en.wikipedia.org/wiki/Maxwell%27s_equations
A. Owen,use,Springer,https://en.wikipedia.org/wiki/Maxwell%27s_equations
Jackson,retrieve,John,https://en.wikipedia.org/wiki/Maxwell%27s_equations
Šolín,retrieve,Pavel,https://en.wikipedia.org/wiki/Maxwell%27s_equations
Maxwell,compile,Blaze Labs Research,https://en.wikipedia.org/wiki/Maxwell%27s_equations
Maxwell,describe,Google Books,https://en.wikipedia.org/wiki/Maxwell%27s_equations
He,hold,Chair,https://en.wikipedia.org/wiki/James_Clerk_Maxwell
he,study,rings,https://en.wikipedia.org/wiki/James_Clerk_Maxwell
James Clerk Maxwell,bear,Edinburgh,https://en.wikipedia.org/wiki/James_Clerk_Maxwell
Edinburgh,bear,John Clerk Maxwell,https://en.wikipedia.org/wiki/James_Clerk_Maxwell
John Clerk Maxwell,bear,Middlebie,https://en.wikipedia.org/wiki/James_Clerk_Maxwell
Middlebie,bear,"Frances Cay,[13][14",https://en.wikipedia.org/wiki/James_Clerk_Maxwell
"Frances Cay,[13][14",bear,Robert Hodshon Cay,https://en.wikipedia.org/wiki/James_Clerk_Maxwell
Robert Hodshon Cay,bear,John Cay,https://en.wikipedia.org/wiki/James_Clerk_Maxwell
They,have,child,https://en.wikipedia.org/wiki/James_Clerk_Maxwell
mother,take,responsibility,https://en.wikipedia.org/wiki/James_Clerk_Maxwell
father,take,him,https://en.wikipedia.org/wiki/James_Clerk_Maxwell
the Royal Society of Edinburgh,have,James Forbes,https://en.wikipedia.org/wiki/James_Clerk_Maxwell
James Forbes,have,"the University of Edinburgh,[13][33",https://en.wikipedia.org/wiki/James_Clerk_Maxwell
"the University of Edinburgh,[13][33",have,Maxwell,https://en.wikipedia.org/wiki/James_Clerk_Maxwell
He,have,opportunity,https://en.wikipedia.org/wiki/James_Clerk_Maxwell
staff,include,names,https://en.wikipedia.org/wiki/James_Clerk_Maxwell
tutors,include,Hamilton,https://en.wikipedia.org/wiki/James_Clerk_Maxwell
He,attend,Peterhouse,https://en.wikipedia.org/wiki/James_Clerk_Maxwell
Trinity,elect,the Cambridge Apostles.[45,https://en.wikipedia.org/wiki/James_Clerk_Maxwell
Maxwell,write,letter,https://en.wikipedia.org/wiki/James_Clerk_Maxwell
Forbes,follow,Marischal College,https://en.wikipedia.org/wiki/James_Clerk_Maxwell
either,know,result,https://en.wikipedia.org/wiki/James_Clerk_Maxwell
student,describe,Maxwell,https://en.wikipedia.org/wiki/James_Clerk_Maxwell
you,see,Maxwell,https://en.wikipedia.org/wiki/James_Clerk_Maxwell
problem,take,resonance,https://en.wikipedia.org/wiki/James_Clerk_Maxwell
Maxwell,attend,lectures,https://en.wikipedia.org/wiki/James_Clerk_Maxwell
Faraday,describe,Maxwell,https://en.wikipedia.org/wiki/James_Clerk_Maxwell
the American Philosophical Society,elect,Maxwell,https://en.wikipedia.org/wiki/James_Clerk_Maxwell
Maxwell,elect,Cambridge,https://en.wikipedia.org/wiki/James_Clerk_Maxwell
who,have,custody,https://en.wikipedia.org/wiki/James_Clerk_Maxwell
Maxwell,write,aphorism,https://en.wikipedia.org/wiki/James_Clerk_Maxwell
present,give,him,https://en.wikipedia.org/wiki/James_Clerk_Maxwell
Maxwell,describe,Einstein,https://en.wikipedia.org/wiki/James_Clerk_Maxwell
Siegfried,describe,Maxwell,https://en.wikipedia.org/wiki/James_Clerk_Maxwell
his,take,chair.[64,https://en.wikipedia.org/wiki/James_Clerk_Maxwell
Heaviside,be,[Peter Guthrie] Tate,https://en.wikipedia.org/wiki/James_Clerk_Maxwell
Isaac Newton,follow,Thomas Young,https://en.wikipedia.org/wiki/James_Clerk_Maxwell
Maxwell,use,algebra,https://en.wikipedia.org/wiki/James_Clerk_Maxwell
Maxwell,present,demonstration,https://en.wikipedia.org/wiki/James_Clerk_Maxwell
Tait,call,Maxwell,https://en.wikipedia.org/wiki/James_Clerk_Maxwell
who,understand,papers,https://en.wikipedia.org/wiki/James_Clerk_Maxwell
Maxwell,publish,paper,https://en.wikipedia.org/wiki/James_Clerk_Maxwell
Maxwell,promote,James Clerk,https://en.wikipedia.org/wiki/James_Clerk_Maxwell
James Clerk,promote,Oxford,https://en.wikipedia.org/wiki/James_Clerk_Maxwell
Oxford,promote,Clarendon Press,https://en.wikipedia.org/wiki/James_Clerk_Maxwell
Clarendon Press,promote,Maxwell,https://en.wikipedia.org/wiki/James_Clerk_Maxwell
Clarendon Press,promote,James Clerk,https://en.wikipedia.org/wiki/James_Clerk_Maxwell
James Clerk,promote,Matter and Motion,https://en.wikipedia.org/wiki/James_Clerk_Maxwell
Matter and Motion,promote,London,https://en.wikipedia.org/wiki/James_Clerk_Maxwell
London,promote,New York,https://en.wikipedia.org/wiki/James_Clerk_Maxwell
New York,promote,"Pott, Young & Co.",https://en.wikipedia.org/wiki/James_Clerk_Maxwell
Maxwell,appear,James Clerk,https://en.wikipedia.org/wiki/James_Clerk_Maxwell
James Clerk,appear,Oxford,https://en.wikipedia.org/wiki/James_Clerk_Maxwell
Oxford,appear,Clarendon Press,https://en.wikipedia.org/wiki/James_Clerk_Maxwell
Clarendon Press,appear,James Clerk,https://en.wikipedia.org/wiki/James_Clerk_Maxwell
James Clerk,appear,Dover Publication,https://en.wikipedia.org/wiki/James_Clerk_Maxwell
Dover Publication,appear,Maxwell,https://en.wikipedia.org/wiki/James_Clerk_Maxwell
James Clerk,appear,James Clerk Maxwell Vol,https://en.wikipedia.org/wiki/James_Clerk_Maxwell
James Clerk Maxwell Vol,appear,Cambridge,https://en.wikipedia.org/wiki/James_Clerk_Maxwell
Cambridge,appear,University Press,https://en.wikipedia.org/wiki/James_Clerk_Maxwell
University Press,appear,Maxwell,https://en.wikipedia.org/wiki/James_Clerk_Maxwell
James Clerk,appear,Longmans Green Co.[148,https://en.wikipedia.org/wiki/James_Clerk_Maxwell
Longmans Green Co.[148,appear,Maxwell,https://en.wikipedia.org/wiki/James_Clerk_Maxwell
Maxwell,appear,Encyclopædia Britannica,https://en.wikipedia.org/wiki/James_Clerk_Maxwell
Encyclopædia Britannica,appear,the Ninth Edition,https://en.wikipedia.org/wiki/James_Clerk_Maxwell
the Ninth Edition,appear,Faraday,https://en.wikipedia.org/wiki/James_Clerk_Maxwell
Anthony F. Anderson,archive,Google Books,https://en.wikipedia.org/wiki/James_Clerk_Maxwell
Maxwell,see,James Clerk,https://en.wikipedia.org/wiki/James_Clerk_Maxwell
James Clerk,see,Theory of Heat,https://en.wikipedia.org/wiki/James_Clerk_Maxwell
Newington Butts,bear,Surrey,https://en.wikipedia.org/wiki/Michael_Faraday
Surrey,bear,England,https://en.wikipedia.org/wiki/Michael_Faraday
England,bear,London,https://en.wikipedia.org/wiki/Michael_Faraday
London,bear,William Odling,https://en.wikipedia.org/wiki/Michael_Faraday
William Odling,bear,Sarah Barnard,https://en.wikipedia.org/wiki/Michael_Faraday
Sarah Barnard,bear,Royal Institution,https://en.wikipedia.org/wiki/Michael_Faraday
Royal Institution,bear,Humphry Davy,https://en.wikipedia.org/wiki/Michael_Faraday
Humphry Davy,bear,Michael Faraday,https://en.wikipedia.org/wiki/Michael_Faraday
Maxwell,take,work,https://en.wikipedia.org/wiki/Michael_Faraday
he,produce,investigation,https://en.wikipedia.org/wiki/Michael_Faraday
Faraday,bear,"Newington Butts,[12",https://en.wikipedia.org/wiki/Michael_Faraday
"Newington Butts,[12",bear,Surrey,https://en.wikipedia.org/wiki/Michael_Faraday
Surrey,bear,the London Borough of Southwark.[13,https://en.wikipedia.org/wiki/Michael_Faraday
Faraday,move,wife,https://en.wikipedia.org/wiki/Michael_Faraday
Faraday,hold,discussions,https://en.wikipedia.org/wiki/Michael_Faraday
he,attend,lectures,https://en.wikipedia.org/wiki/Michael_Faraday
Faraday,attend,lectures,https://en.wikipedia.org/wiki/Michael_Faraday
Faraday,give,William Dance,https://en.wikipedia.org/wiki/Michael_Faraday
William Dance,give,the Royal Philharmonic Society,https://en.wikipedia.org/wiki/Michael_Faraday
Faraday,serve,years,https://en.wikipedia.org/wiki/Michael_Faraday
the Royal Institute of the Netherlands,elect,the Royal Netherlands Academy of Arts and Sciences,https://en.wikipedia.org/wiki/Michael_Faraday
the Royal Netherlands Academy of Arts and Sciences,elect,Faraday,https://en.wikipedia.org/wiki/Michael_Faraday
Faraday,discover,William Whewell.[50,https://en.wikipedia.org/wiki/Michael_Faraday
physicist,discover,phenomenon,https://en.wikipedia.org/wiki/Michael_Faraday
Faraday,publish,results,https://en.wikipedia.org/wiki/Michael_Faraday
he,begin,series,https://en.wikipedia.org/wiki/Michael_Faraday
he,discover,induction,https://en.wikipedia.org/wiki/Michael_Faraday
he,make,experiments,https://en.wikipedia.org/wiki/Michael_Faraday
values,produce,groups,https://en.wikipedia.org/wiki/Michael_Faraday
it,take,years,https://en.wikipedia.org/wiki/Michael_Faraday
Zeeman,make,reference,https://en.wikipedia.org/wiki/Michael_Faraday
charge,have,influence,https://en.wikipedia.org/wiki/Michael_Faraday
work,include,investigations,https://en.wikipedia.org/wiki/Michael_Faraday
he,produce,report,https://en.wikipedia.org/wiki/Michael_Faraday
Faraday,write,letter,https://en.wikipedia.org/wiki/Michael_Faraday
Faraday,see,Hyde Park,https://en.wikipedia.org/wiki/Michael_Faraday
Faraday,give,series,https://en.wikipedia.org/wiki/Michael_Faraday
Faraday School,locate,London,https://en.wikipedia.org/wiki/Michael_Faraday
Loughborough University,name,Faraday,https://en.wikipedia.org/wiki/Michael_Faraday
the University of Edinburgh's,name,Faraday,https://en.wikipedia.org/wiki/Michael_Faraday
Faraday,name,Brunel University,https://en.wikipedia.org/wiki/Michael_Faraday
Brunel University,name,Swansea University,https://en.wikipedia.org/wiki/Michael_Faraday
Swansea University,name,Northern Illinois University,https://en.wikipedia.org/wiki/Michael_Faraday
Shakespeare,name,Goethe,https://en.wikipedia.org/wiki/Michael_Faraday
Goethe,name,Newton,https://en.wikipedia.org/wiki/Michael_Faraday
Newton,name,Faraday,https://en.wikipedia.org/wiki/Michael_Faraday
Faraday,name,Pasteur,https://en.wikipedia.org/wiki/Michael_Faraday
Pasteur,name,Lister,https://en.wikipedia.org/wiki/Michael_Faraday
Faraday,feature,the Bank of England,https://en.wikipedia.org/wiki/Michael_Faraday
Charles Babbage,feature,Frank Whittle,https://en.wikipedia.org/wiki/Michael_Faraday
Frank Whittle,feature,Robert Watson-Watt,https://en.wikipedia.org/wiki/Michael_Faraday
Charles Darwin,feature,Edward Jenner,https://en.wikipedia.org/wiki/Michael_Faraday
Edward Jenner,feature,Alan Turing.[99,https://en.wikipedia.org/wiki/Michael_Faraday
UK,serve,Faraday,https://en.wikipedia.org/wiki/Michael_Faraday
Faraday,serve,Fox,https://en.wikipedia.org/wiki/Michael_Faraday
Fox,serve,the National Geographic Channel.[103,https://en.wikipedia.org/wiki/Michael_Faraday
Aldous Huxley,write,Faraday,https://en.wikipedia.org/wiki/Michael_Faraday
Shakespeare,discover,Faraday,https://en.wikipedia.org/wiki/Michael_Faraday
Faraday,call,the Royal Society,https://en.wikipedia.org/wiki/Michael_Faraday
the Royal Society,call,Margaret Thatcher,https://en.wikipedia.org/wiki/Michael_Faraday
Margaret Thatcher,call,the Stock Exchange,https://en.wikipedia.org/wiki/Michael_Faraday
This,include,Bibliography,https://en.wikipedia.org/wiki/Michael_Faraday
Faraday,publish,Davy,https://en.wikipedia.org/wiki/Michael_Faraday
Faraday,publish,Michael,https://en.wikipedia.org/wiki/Michael_Faraday
Faraday,include,Cambridge,https://en.wikipedia.org/wiki/Michael_Faraday
Cambridge,include,Osgood & Co.,https://en.wikipedia.org/wiki/Michael_Faraday
Jones,retrieve,Roger,https://en.wikipedia.org/wiki/Michael_Faraday
Faraday Institute,archive,The Faraday Institution,https://en.wikipedia.org/wiki/Michael_Faraday
The Royal Institution of Great Britain,promote,Faraday,https://en.wikipedia.org/wiki/Michael_Faraday
Faraday,promote,John Tyndall,https://en.wikipedia.org/wiki/Michael_Faraday
John Tyndall,promote,Project Gutenberg,https://en.wikipedia.org/wiki/Michael_Faraday
Project Gutenberg,promote,J. A. Crowther,https://en.wikipedia.org/wiki/Michael_Faraday
J. A. Crowther,promote,London,https://en.wikipedia.org/wiki/Michael_Faraday
London,promote,Society for Promoting Christian Knowledge,https://en.wikipedia.org/wiki/Michael_Faraday
Society for Promoting Christian Knowledge,promote,Michael Faraday,https://en.wikipedia.org/wiki/Michael_Faraday
Michael Faraday,promote,Project Gutenberg,https://en.wikipedia.org/wiki/Michael_Faraday
Project Gutenberg,promote,Michael Faraday,https://en.wikipedia.org/wiki/Michael_Faraday
Michael Faraday,promote,the Internet Archive,https://en.wikipedia.org/wiki/Michael_Faraday
the Internet Archive,promote,Michael Faraday,https://en.wikipedia.org/wiki/Michael_Faraday
Michael Faraday,promote,LibriVox,https://en.wikipedia.org/wiki/Michael_Faraday
LibriVox,promote,Faraday,https://en.wikipedia.org/wiki/Michael_Faraday
Faraday,promote,Frank James,https://en.wikipedia.org/wiki/Michael_Faraday
Frank James,promote,John Cadogan,https://en.wikipedia.org/wiki/Michael_Faraday
John Cadogan,promote,Faraday,https://en.wikipedia.org/wiki/Michael_Faraday
Faraday,promote,Schoenbein,https://en.wikipedia.org/wiki/Michael_Faraday
Faraday School,locate,the New Model School Company Limited's,https://en.wikipedia.org/wiki/Michael_Faraday
the New Model School Company Limited's,locate,YouTube,https://en.wikipedia.org/wiki/Michael_Faraday
YouTube,locate,Chemical Heritage Foundation,https://en.wikipedia.org/wiki/Michael_Faraday
Chemical Heritage Foundation,locate,Michael Faraday,https://en.wikipedia.org/wiki/Michael_Faraday
Michael Faraday,locate,the American Academy of Arts and Sciences,https://en.wikipedia.org/wiki/Michael_Faraday
the American Academy of Arts and Sciences,locate,the National Academy of Sciences,https://en.wikipedia.org/wiki/Michael_Faraday
the National Academy of Sciences,locate,the Saint Petersburg Academy of Sciences,https://en.wikipedia.org/wiki/Michael_Faraday
the Saint Petersburg Academy of Sciences,locate,the French Academy of Sciences,https://en.wikipedia.org/wiki/Michael_Faraday
the French Academy of Sciences,locate,the Royal Netherlands Academy of Arts and Sciences,https://en.wikipedia.org/wiki/Michael_Faraday
the Royal Netherlands Academy of Arts and Sciences,locate,the Royal Swedish Academy of Sciences,https://en.wikipedia.org/wiki/Michael_Faraday
the Royal Swedish Academy of Sciences,locate,the American Philosophical Society,https://en.wikipedia.org/wiki/Michael_Faraday
the American Philosophical Society,locate,the Royal Society,https://en.wikipedia.org/wiki/Michael_Faraday
Nikola Tesla,bear,Smiljan,https://en.wikipedia.org/wiki/Nikola_Tesla
Smiljan,bear,Austrian Empire,https://en.wikipedia.org/wiki/Nikola_Tesla
Austrian Empire,bear,New York City,https://en.wikipedia.org/wiki/Nikola_Tesla
New York City,bear,U.S.,https://en.wikipedia.org/wiki/Nikola_Tesla
U.S.,bear,Nikola Tesla Museum,https://en.wikipedia.org/wiki/Nikola_Tesla
Nikola Tesla Museum,bear,Belgrade,https://en.wikipedia.org/wiki/Nikola_Tesla
Belgrade,bear,Graz University of Technology,https://en.wikipedia.org/wiki/Nikola_Tesla
Graz University of Technology,bear,Nikola Tesla[a,https://en.wikipedia.org/wiki/Nikola_Tesla
Tesla,study,engineering,https://en.wikipedia.org/wiki/Nikola_Tesla
Conference,name,measurement,https://en.wikipedia.org/wiki/Nikola_Tesla
Time,name,Tesla,https://en.wikipedia.org/wiki/Nikola_Tesla
Childhood,bear,Nikola Tesla,https://en.wikipedia.org/wiki/Nikola_Tesla
Smiljan,bear,the Military Frontier of the Austrian Empire,https://en.wikipedia.org/wiki/Nikola_Tesla
the Military Frontier of the Austrian Empire,bear,Croatia,https://en.wikipedia.org/wiki/Nikola_Tesla
who,write,textbooks,https://en.wikipedia.org/wiki/Nikola_Tesla
mother,have,talent,https://en.wikipedia.org/wiki/Nikola_Tesla
Tesla,attend,school,https://en.wikipedia.org/wiki/Nikola_Tesla
he,study,German,https://en.wikipedia.org/wiki/Nikola_Tesla
Tesla,move,Gospić,https://en.wikipedia.org/wiki/Nikola_Tesla
Gospić,move,Tesla,https://en.wikipedia.org/wiki/Nikola_Tesla
Tesla,be,Maribor,https://en.wikipedia.org/wiki/Nikola_Tesla
Maribor,be,Tesla,https://en.wikipedia.org/wiki/Nikola_Tesla
Tesla,move,Budapest,https://en.wikipedia.org/wiki/Nikola_Tesla
Budapest,move,Hungary,https://en.wikipedia.org/wiki/Nikola_Tesla
Hungary,move,Tivadar Puskás,https://en.wikipedia.org/wiki/Nikola_Tesla
Tivadar Puskás,move,the Budapest Telephone Exchange,https://en.wikipedia.org/wiki/Nikola_Tesla
company,have,subdivisions,https://en.wikipedia.org/wiki/Nikola_Tesla
Management,take,notice,https://en.wikipedia.org/wiki/Nikola_Tesla
who,make,quip,https://en.wikipedia.org/wiki/Nikola_Tesla
Tesla,have,ins,https://en.wikipedia.org/wiki/Nikola_Tesla
you,understand,"humor"".[50][51",https://en.wikipedia.org/wiki/Nikola_Tesla
company,have,amount,https://en.wikipedia.org/wiki/Nikola_Tesla
that,include,generator,https://en.wikipedia.org/wiki/Nikola_Tesla
Tesla,develop,motor,https://en.wikipedia.org/wiki/Nikola_Tesla
Tesla,have,motor,https://en.wikipedia.org/wiki/Nikola_Tesla
Edison Electric,be,Westinghouse,https://en.wikipedia.org/wiki/Nikola_Tesla
Westinghouse,be,Thomson-Houston,https://en.wikipedia.org/wiki/Nikola_Tesla
Westinghouse,have,cash,https://en.wikipedia.org/wiki/Nikola_Tesla
investors,call,loans,https://en.wikipedia.org/wiki/Nikola_Tesla
Westinghouse,have,Tesla,https://en.wikipedia.org/wiki/Nikola_Tesla
Tesla,move,Peck,https://en.wikipedia.org/wiki/Nikola_Tesla
Peck,move,Brown,https://en.wikipedia.org/wiki/Nikola_Tesla
Brown,move,Manhattan,https://en.wikipedia.org/wiki/Nikola_Tesla
These,include,lab,https://en.wikipedia.org/wiki/Nikola_Tesla
the American Institute of Electrical Engineers,serve,Institute of Electrical and Electronics Engineers,https://en.wikipedia.org/wiki/Nikola_Tesla
Institute of Electrical and Electronics Engineers,serve,IEEE,https://en.wikipedia.org/wiki/Nikola_Tesla
IEEE,serve,the Institute of Radio Engineers).[108,https://en.wikipedia.org/wiki/Nikola_Tesla
Scott,make,progress,https://en.wikipedia.org/wiki/Nikola_Tesla
Electric,ask,Tesla,https://en.wikipedia.org/wiki/Nikola_Tesla
company,have,space,https://en.wikipedia.org/wiki/Nikola_Tesla
Electric,win,bid,https://en.wikipedia.org/wiki/Nikola_Tesla
that,use,coil,https://en.wikipedia.org/wiki/Nikola_Tesla
Adams,ask,Tesla,https://en.wikipedia.org/wiki/Nikola_Tesla
that,have,electrode,https://en.wikipedia.org/wiki/Nikola_Tesla
Tesla,take,opportunity,https://en.wikipedia.org/wiki/Nikola_Tesla
Tesla,study,waves,https://en.wikipedia.org/wiki/Nikola_Tesla
Tesla,make,rounds,https://en.wikipedia.org/wiki/Nikola_Tesla
Tesla,move,operations,https://en.wikipedia.org/wiki/Nikola_Tesla
decision,have,bearing,https://en.wikipedia.org/wiki/Nikola_Tesla
These,include,gel.[173,https://en.wikipedia.org/wiki/Nikola_Tesla
he,have,means,https://en.wikipedia.org/wiki/Nikola_Tesla
the St. Regis Hotel,move,Tesla,https://en.wikipedia.org/wiki/Nikola_Tesla
Tesla,move,the Hotel New Yorker,https://en.wikipedia.org/wiki/Nikola_Tesla
Seifer,describe,payments,https://en.wikipedia.org/wiki/Nikola_Tesla
Plans,describe,device,https://en.wikipedia.org/wiki/Nikola_Tesla
Bureau,ask,Office,https://en.wikipedia.org/wiki/Nikola_Tesla
John G. Trump,serve,MIT,https://en.wikipedia.org/wiki/Nikola_Tesla
MIT,serve,the National Defense Research Committee,https://en.wikipedia.org/wiki/Nikola_Tesla
the National Defense Research Committee,serve,Tesla,https://en.wikipedia.org/wiki/Nikola_Tesla
he,make,sacrifice,https://en.wikipedia.org/wiki/Nikola_Tesla
Twain,describe,invention,https://en.wikipedia.org/wiki/Nikola_Tesla
Tesla,study,philosophy,https://en.wikipedia.org/wiki/Nikola_Tesla
Tesla,attend,parties,https://en.wikipedia.org/wiki/Nikola_Tesla
Ben Johnston,compile,Tesla,https://en.wikipedia.org/wiki/Nikola_Tesla
Tesla,compile,David Hatcher Childress,https://en.wikipedia.org/wiki/Nikola_Tesla
The Century Magazine,include,Sava Kosanović,https://en.wikipedia.org/wiki/Nikola_Tesla
Sava Kosanović,include,Tesla,https://en.wikipedia.org/wiki/Nikola_Tesla
Tesla,include,Belgrade,https://en.wikipedia.org/wiki/Nikola_Tesla
Cheney,educate,O'Neill,https://en.wikipedia.org/wiki/Nikola_Tesla
O'Neill,educate,Dommermuth,https://en.wikipedia.org/wiki/Nikola_Tesla
Dommermuth,educate,Milutin,https://en.wikipedia.org/wiki/Nikola_Tesla
Milutin,educate,Nikola,https://en.wikipedia.org/wiki/Nikola_Tesla
Nikola,educate,the Serbian Orthodox Church,https://en.wikipedia.org/wiki/Nikola_Tesla
the Serbian Orthodox Church,educate,Carlson,https://en.wikipedia.org/wiki/Nikola_Tesla
Nikola Tesla,study,Croatia,https://en.wikipedia.org/wiki/Nikola_Tesla
Croatia,study,Karlovac,https://en.wikipedia.org/wiki/Nikola_Tesla
Karlovac,study,the Austrian Empire,https://en.wikipedia.org/wiki/Nikola_Tesla
Radmilo Ivanković',reprint,Dragan Petrović,https://en.wikipedia.org/wiki/Nikola_Tesla
we,use,energy,https://en.wikipedia.org/wiki/Nikola_Tesla
the Wayback Machine,archive,Rybak,https://en.wikipedia.org/wiki/Nikola_Tesla
Rybak,archive,James P.,https://en.wikipedia.org/wiki/Nikola_Tesla
Bertuca,retrieve,David J.,https://en.wikipedia.org/wiki/Nikola_Tesla
David J.,retrieve,Hartman,https://en.wikipedia.org/wiki/Nikola_Tesla
Hartman,retrieve,Donald K.,https://en.wikipedia.org/wiki/Nikola_Tesla
Donald K.,retrieve,Neumeister,https://en.wikipedia.org/wiki/Nikola_Tesla
Neumeister,retrieve,Susan M.,https://en.wikipedia.org/wiki/Nikola_Tesla
Nikola Tesla,alternate,Leland I. Anderson,https://en.wikipedia.org/wiki/Nikola_Tesla
Leland I. Anderson,alternate,21st Century Books,https://en.wikipedia.org/wiki/Nikola_Tesla
Earl Sparling,use,Nikola Tesla,https://en.wikipedia.org/wiki/Nikola_Tesla
Nikola Tesla,use,New York,https://en.wikipedia.org/wiki/Nikola_Tesla
New York,use,World-Telegram,https://en.wikipedia.org/wiki/Nikola_Tesla
Stanković,retrieve,Dario,https://en.wikipedia.org/wiki/Nikola_Tesla
Swezey,archive,Kenneth M.,https://en.wikipedia.org/wiki/Nikola_Tesla
Kenneth M.,archive,National Museum of American History,https://en.wikipedia.org/wiki/Nikola_Tesla
Seifer,retrieve,O'Neill,https://en.wikipedia.org/wiki/Nikola_Tesla
O'Neill,retrieve,New York Herald Tribune,https://en.wikipedia.org/wiki/Nikola_Tesla
New York Herald Tribune,retrieve,Tesla,https://en.wikipedia.org/wiki/Nikola_Tesla
Kennedy,archive,John B.,https://en.wikipedia.org/wiki/Nikola_Tesla
John B.,archive,Nikola Tesla,https://en.wikipedia.org/wiki/Nikola_Tesla
Nikola Tesla,archive,Colliers,https://en.wikipedia.org/wiki/Nikola_Tesla
Colliers,archive,Tesla,https://en.wikipedia.org/wiki/Nikola_Tesla
Tesla,archive,Nikola,https://en.wikipedia.org/wiki/Nikola_Tesla
Book Tree,see,Pickover,https://en.wikipedia.org/wiki/Nikola_Tesla
Pickover,see,Clifford A.,https://en.wikipedia.org/wiki/Nikola_Tesla
Ben Johnson,archive,New York,https://en.wikipedia.org/wiki/Nikola_Tesla
New York,archive,Barnes and Noble,https://en.wikipedia.org/wiki/Nikola_Tesla
Barnes and Noble,archive,Lucid Cafe,https://en.wikipedia.org/wiki/Nikola_Tesla
Lucid Cafe,archive,the Wayback Machine,https://en.wikipedia.org/wiki/Nikola_Tesla
the Wayback Machine,archive,Nikola Tesla,https://en.wikipedia.org/wiki/Nikola_Tesla
Martin,include,lectures,https://en.wikipedia.org/wiki/Nikola_Tesla
American Institute of Electrical Engineers,alternate,Tesla,https://en.wikipedia.org/wiki/Nikola_Tesla
Tesla,alternate,the Wayback Machine,https://en.wikipedia.org/wiki/Nikola_Tesla
the Wayback Machine,alternate,The Manufacturer and Builder,https://en.wikipedia.org/wiki/Nikola_Tesla
The Manufacturer and Builder,alternate,Nikola Tesla,https://en.wikipedia.org/wiki/Nikola_Tesla
Nikola Tesla,alternate,the Wayback Machine,https://en.wikipedia.org/wiki/Nikola_Tesla
the Wayback Machine,alternate,The Century Magazine,https://en.wikipedia.org/wiki/Nikola_Tesla
The Century Magazine,alternate,Tesla's Oscillator and Other Inventions,https://en.wikipedia.org/wiki/Nikola_Tesla
Tesla's Oscillator and Other Inventions,alternate,the Wayback Machine,https://en.wikipedia.org/wiki/Nikola_Tesla
the Wayback Machine,archive,The Century Magazine,https://en.wikipedia.org/wiki/Nikola_Tesla
The Century Magazine,archive,Pavićević,https://en.wikipedia.org/wiki/Nikola_Tesla
Pavićević,archive,Aleksandra,https://en.wikipedia.org/wiki/Nikola_Tesla
Martin,reprint,Thomas Commerford,https://en.wikipedia.org/wiki/Nikola_Tesla
Thomas Commerford,reprint,New York,https://en.wikipedia.org/wiki/Nikola_Tesla
New York,reprint,Barnes & Noble,https://en.wikipedia.org/wiki/Nikola_Tesla
Barnes & Noble,reprint,Anil K. Rajvanshi,https://en.wikipedia.org/wiki/Nikola_Tesla
Anil K. Rajvanshi,reprint,Resonance,https://en.wikipedia.org/wiki/Nikola_Tesla
Resonance,reprint,Roguin,https://en.wikipedia.org/wiki/Nikola_Tesla
Roguin,reprint,Ariel,https://en.wikipedia.org/wiki/Nikola_Tesla
Nikola Tesla,associate,Project Gutenberg,https://en.wikipedia.org/wiki/Nikola_Tesla
Project Gutenberg,associate,Nikola Tesla,https://en.wikipedia.org/wiki/Nikola_Tesla
Nikola Tesla,associate,the Internet Archive,https://en.wikipedia.org/wiki/Nikola_Tesla
the Internet Archive,associate,Nikola Tesla,https://en.wikipedia.org/wiki/Nikola_Tesla
Nikola Tesla,associate,LibriVox,https://en.wikipedia.org/wiki/Nikola_Tesla
LibriVox,associate,Amanda Gefter,https://en.wikipedia.org/wiki/Nikola_Tesla
Amanda Gefter,associate,Nikola Tesla,https://en.wikipedia.org/wiki/Nikola_Tesla
Nikola Tesla,associate,Austria-Hungary,https://en.wikipedia.org/wiki/Nikola_Tesla
Austria-Hungary,associate,the United States,https://en.wikipedia.org/wiki/Nikola_Tesla
the United States,associate,Austria,https://en.wikipedia.org/wiki/Nikola_Tesla
Austria,associate,the American Association for the Advancement of Science,https://en.wikipedia.org/wiki/Nikola_Tesla
the American Association for the Advancement of Science,associate,IEEE,https://en.wikipedia.org/wiki/Nikola_Tesla
IEEE,associate,Graz University of Technology,https://en.wikipedia.org/wiki/Nikola_Tesla
Graz University of Technology,associate,Austria,https://en.wikipedia.org/wiki/Nikola_Tesla
Austria,associate,the American Philosophical Society,https://en.wikipedia.org/wiki/Nikola_Tesla
the American Philosophical Society,associate,The Lambs Club,https://en.wikipedia.org/wiki/Nikola_Tesla
The Lambs Club,associate,the Serbian Academy of Sciences and Arts,https://en.wikipedia.org/wiki/Nikola_Tesla
the Serbian Academy of Sciences and Arts,associate,the United States,https://en.wikipedia.org/wiki/Nikola_Tesla
the United States,associate,Colorado Springs,https://en.wikipedia.org/wiki/Nikola_Tesla
Colorado Springs,associate,Colorado,https://en.wikipedia.org/wiki/Nikola_Tesla
Colorado,associate,Gospić,https://en.wikipedia.org/wiki/Nikola_Tesla
Gospić,associate,Karlovac,https://en.wikipedia.org/wiki/Nikola_Tesla
Karlovac,associate,Manhattan,https://en.wikipedia.org/wiki/Nikola_Tesla
Manhattan,associate,Austria-Hungary,https://en.wikipedia.org/wiki/Nikola_Tesla
Austria-Hungary,associate,Croatia,https://en.wikipedia.org/wiki/Nikola_Tesla
École polytechnique Collège de France,bear,André-Marie Ampère,https://en.wikipedia.org/wiki/Andr%C3%A9-Marie_Amp%C3%A8re
André-Marie Ampère,bear,UK,https://en.wikipedia.org/wiki/Andr%C3%A9-Marie_Amp%C3%A8re
UK,bear,US,https://en.wikipedia.org/wiki/Andr%C3%A9-Marie_Amp%C3%A8re
Georges-Louis Leclerc,begin,Buffon,https://en.wikipedia.org/wiki/Andr%C3%A9-Marie_Amp%C3%A8re
Buffon,begin,Denis Diderot,https://en.wikipedia.org/wiki/Andr%C3%A9-Marie_Amp%C3%A8re
Denis Diderot,begin,Jean le Rond d'Alembert's,https://en.wikipedia.org/wiki/Andr%C3%A9-Marie_Amp%C3%A8re
Jean le Rond d'Alembert's,begin,Ampère,https://en.wikipedia.org/wiki/Andr%C3%A9-Marie_Amp%C3%A8re
Ampère,use,access,https://en.wikipedia.org/wiki/Andr%C3%A9-Marie_Amp%C3%A8re
Ampère,begin,Lyon,https://en.wikipedia.org/wiki/Andr%C3%A9-Marie_Amp%C3%A8re
Ampère,take,job,https://en.wikipedia.org/wiki/Andr%C3%A9-Marie_Amp%C3%A8re
which,give,security,https://en.wikipedia.org/wiki/Andr%C3%A9-Marie_Amp%C3%A8re
He,use,time,https://en.wikipedia.org/wiki/Andr%C3%A9-Marie_Amp%C3%A8re
he,begin,post,https://en.wikipedia.org/wiki/Andr%C3%A9-Marie_Amp%C3%A8re
he,take,student,https://en.wikipedia.org/wiki/Andr%C3%A9-Marie_Amp%C3%A8re
Ozanam,have,contact,https://en.wikipedia.org/wiki/Andr%C3%A9-Marie_Amp%C3%A8re
Einstein,make,proof,https://en.wikipedia.org/wiki/Andr%C3%A9-Marie_Amp%C3%A8re
Ampère,elect,the Royal Society,https://en.wikipedia.org/wiki/Andr%C3%A9-Marie_Amp%C3%A8re
the Royal Society,elect,the Royal Swedish Academy of Science.[12,https://en.wikipedia.org/wiki/Andr%C3%A9-Marie_Amp%C3%A8re
who,name,Ampère,https://en.wikipedia.org/wiki/Andr%C3%A9-Marie_Amp%C3%A8re
convention,establish,ampere,https://en.wikipedia.org/wiki/Andr%C3%A9-Marie_Amp%C3%A8re
Ampère,name,Lyon,https://en.wikipedia.org/wiki/Andr%C3%A9-Marie_Amp%C3%A8re
Brazil,name,Ampére,https://en.wikipedia.org/wiki/Andr%C3%A9-Marie_Amp%C3%A8re
Ampére,name,Parana,https://en.wikipedia.org/wiki/Andr%C3%A9-Marie_Amp%C3%A8re
Parana,name,Ampère,https://en.wikipedia.org/wiki/Andr%C3%A9-Marie_Amp%C3%A8re
Perisse,existe,Lyon,https://en.wikipedia.org/wiki/Andr%C3%A9-Marie_Amp%C3%A8re
Lyon,existe,Paris,https://en.wikipedia.org/wiki/Andr%C3%A9-Marie_Amp%C3%A8re
Paris,existe,Chez Crochard,https://en.wikipedia.org/wiki/Andr%C3%A9-Marie_Amp%C3%A8re
Chez Crochard,existe,André-Marie Ampère,https://en.wikipedia.org/wiki/Andr%C3%A9-Marie_Amp%C3%A8re
André-Marie Ampère,existe,Babinet,https://en.wikipedia.org/wiki/Andr%C3%A9-Marie_Amp%C3%A8re
Babinet,existe,Jacques,https://en.wikipedia.org/wiki/Andr%C3%A9-Marie_Amp%C3%A8re
Jacques,existe,André-Marie Ampère,https://en.wikipedia.org/wiki/Andr%C3%A9-Marie_Amp%C3%A8re
André-Marie Ampère,existe,A. Hermann,https://en.wikipedia.org/wiki/Andr%C3%A9-Marie_Amp%C3%A8re
A. Hermann,existe,André-Marie Ampère,https://en.wikipedia.org/wiki/Andr%C3%A9-Marie_Amp%C3%A8re
André-Marie Ampère,existe,Chez Bachelier,https://en.wikipedia.org/wiki/Andr%C3%A9-Marie_Amp%C3%A8re
Chez Bachelier,existe,André-Marie Ampère,https://en.wikipedia.org/wiki/Andr%C3%A9-Marie_Amp%C3%A8re
André-Marie Ampère,existe,Essai sur la philosophie des sciences,https://en.wikipedia.org/wiki/Andr%C3%A9-Marie_Amp%C3%A8re
Essai sur la philosophie des sciences,existe,Bachelier,https://en.wikipedia.org/wiki/Andr%C3%A9-Marie_Amp%C3%A8re
Bachelier,existe,Magie,https://en.wikipedia.org/wiki/Andr%C3%A9-Marie_Amp%C3%A8re
Ampère,include,translation,https://en.wikipedia.org/wiki/Andr%C3%A9-Marie_Amp%C3%A8re
O'Connor,associate,John J.,https://en.wikipedia.org/wiki/Andr%C3%A9-Marie_Amp%C3%A8re
John J.,associate,Robertson,https://en.wikipedia.org/wiki/Andr%C3%A9-Marie_Amp%C3%A8re
Robertson,associate,Edmund F.,https://en.wikipedia.org/wiki/Andr%C3%A9-Marie_Amp%C3%A8re
Edmund F.,associate,André-Marie Ampère,https://en.wikipedia.org/wiki/Andr%C3%A9-Marie_Amp%C3%A8re
André-Marie Ampère,associate,MacTutor History of Mathematics Archive,https://en.wikipedia.org/wiki/Andr%C3%A9-Marie_Amp%C3%A8re
MacTutor History of Mathematics Archive,associate,University of St Andrews,https://en.wikipedia.org/wiki/Andr%C3%A9-Marie_Amp%C3%A8re
University of St Andrews,associate,André Marie Ampère,https://en.wikipedia.org/wiki/Andr%C3%A9-Marie_Amp%C3%A8re
André Marie Ampère,associate,Lyon,https://en.wikipedia.org/wiki/Andr%C3%A9-Marie_Amp%C3%A8re
Lyon,associate,the Collège de France,https://en.wikipedia.org/wiki/Andr%C3%A9-Marie_Amp%C3%A8re
edit]Hendrik Antoon Lorentz,bear,Arnhem,https://en.wikipedia.org/wiki/Hendrik_Lorentz
Arnhem,bear,Netherlands,https://en.wikipedia.org/wiki/Hendrik_Lorentz
Netherlands,bear,Gerrit Frederik Lorentz,https://en.wikipedia.org/wiki/Hendrik_Lorentz
Gerrit Frederik Lorentz,bear,Geertruida van Ginkel,https://en.wikipedia.org/wiki/Hendrik_Lorentz
Lorentz,attend,Burgerschool,https://en.wikipedia.org/wiki/Hendrik_Lorentz
duties,take,much,https://en.wikipedia.org/wiki/Hendrik_Lorentz
He,ask,Einstein,https://en.wikipedia.org/wiki/Hendrik_Lorentz
he,take,position,https://en.wikipedia.org/wiki/Hendrik_Lorentz
Poincaré,call,time,https://en.wikipedia.org/wiki/Hendrik_Lorentz
Larmor,use,transformations,https://en.wikipedia.org/wiki/Hendrik_Lorentz
colleague,discover,effect,https://en.wikipedia.org/wiki/Hendrik_Lorentz
Einstein,use,many,https://en.wikipedia.org/wiki/Hendrik_Lorentz
Einstein,understand,Lorentz,https://en.wikipedia.org/wiki/Hendrik_Lorentz
Lorentz,understand,Einstein,https://en.wikipedia.org/wiki/Hendrik_Lorentz
Lorentz,publish,Columbia University,https://en.wikipedia.org/wiki/Hendrik_Lorentz
he,take,credit,https://en.wikipedia.org/wiki/Hendrik_Lorentz
us,see,compensation,https://en.wikipedia.org/wiki/Hendrik_Lorentz
Lorentz,give,credit,https://en.wikipedia.org/wiki/Hendrik_Lorentz
he,write,papers,https://en.wikipedia.org/wiki/Hendrik_Lorentz
Lorentz,write,Albert Einstein,https://en.wikipedia.org/wiki/Hendrik_Lorentz
edit]Lorentz,give,series,https://en.wikipedia.org/wiki/Hendrik_Lorentz
he,present,mechanics.[28,https://en.wikipedia.org/wiki/Hendrik_Lorentz
he,have,daughters,https://en.wikipedia.org/wiki/Hendrik_Lorentz
Netherlands,hold,Owen Richardson's,https://en.wikipedia.org/wiki/Hendrik_Lorentz
— O. W. Richardson[31,follow,Haarlem,https://en.wikipedia.org/wiki/Hendrik_Lorentz
Albert Einstein,attend,Marie Curie.[33,https://en.wikipedia.org/wiki/Hendrik_Lorentz
Marie Curie.[33,attend,Royal Netherlands Academy of Arts and Sciences,https://en.wikipedia.org/wiki/Hendrik_Lorentz
Royal Netherlands Academy of Arts and Sciences,attend,Royal Society,https://en.wikipedia.org/wiki/Hendrik_Lorentz
Royal Society,attend,American Philosophical Society,https://en.wikipedia.org/wiki/Hendrik_Lorentz
American Philosophical Society,attend,National Academy of Sciences,https://en.wikipedia.org/wiki/Hendrik_Lorentz
National Academy of Sciences,attend,American Academy of Arts and Sciences,https://en.wikipedia.org/wiki/Hendrik_Lorentz
the Nobel Foundation,publish,Lorentz,https://en.wikipedia.org/wiki/Hendrik_Lorentz
Richardson,describe,Lorentz,https://en.wikipedia.org/wiki/Hendrik_Lorentz
Lorentz,move,Fizeau,https://en.wikipedia.org/wiki/Hendrik_Lorentz
Poincaré,write,essay,https://en.wikipedia.org/wiki/Hendrik_Lorentz
which,give,indication,https://en.wikipedia.org/wiki/Hendrik_Lorentz
Lorentz,see,the Proceedings of the Royal Netherlands Academy of Arts and Science,https://en.wikipedia.org/wiki/Hendrik_Lorentz
the Proceedings of the Royal Netherlands Academy of Arts and Science,see,Amsterdam,https://en.wikipedia.org/wiki/Hendrik_Lorentz
Lorentz,move,Hendrik Antoon,https://en.wikipedia.org/wiki/Hendrik_Lorentz
Hendrik Antoon,move,Archives Néerlandaises des Sciences Exactes et Naturelles,https://en.wikipedia.org/wiki/Hendrik_Lorentz
Archives Néerlandaises des Sciences Exactes et Naturelles,move,Lorentz,https://en.wikipedia.org/wiki/Hendrik_Lorentz
Hendrik Antoon,move,Poincaré,https://en.wikipedia.org/wiki/Hendrik_Lorentz
Poincaré,move,Henri,https://en.wikipedia.org/wiki/Hendrik_Lorentz
Einstein,archive,Albert,https://en.wikipedia.org/wiki/Hendrik_Lorentz
Albert,archive,Annalen der Physik,https://en.wikipedia.org/wiki/Hendrik_Lorentz
de Haas-Lorentz,tran,Geertruida L.,https://en.wikipedia.org/wiki/Hendrik_Lorentz
Geertruida L.,tran,Fagginger Auer,https://en.wikipedia.org/wiki/Hendrik_Lorentz
Fagginger Auer,tran,Joh. C.,https://en.wikipedia.org/wiki/Hendrik_Lorentz
Joh. C.,tran,H.A. Lorentz,https://en.wikipedia.org/wiki/Hendrik_Lorentz
H.A. Lorentz,tran,Amsterdam,https://en.wikipedia.org/wiki/Hendrik_Lorentz
Amsterdam,tran,North-Holland Pub,https://en.wikipedia.org/wiki/Hendrik_Lorentz
North-Holland Pub,tran,Paul,https://en.wikipedia.org/wiki/Hendrik_Lorentz
Paul,tran,Scientia,https://en.wikipedia.org/wiki/Hendrik_Lorentz
Scientia,tran,Poincaré,https://en.wikipedia.org/wiki/Hendrik_Lorentz
Poincaré,tran,Henri,https://en.wikipedia.org/wiki/Hendrik_Lorentz
Henri,tran,Archives Néerlandaises des Sciences Exactes et Naturelles,https://en.wikipedia.org/wiki/Hendrik_Lorentz
Henri,tran,Bolduc,https://en.wikipedia.org/wiki/Hendrik_Lorentz
Bolduc,tran,John W.,https://en.wikipedia.org/wiki/Hendrik_Lorentz
John W.,tran,New York,https://en.wikipedia.org/wiki/Hendrik_Lorentz
New York,tran,Dover Publications,https://en.wikipedia.org/wiki/Hendrik_Lorentz
Dover Publications,tran,Sri Kantha,https://en.wikipedia.org/wiki/Hendrik_Lorentz
Sri Kantha,tran,S. Einstein,https://en.wikipedia.org/wiki/Hendrik_Lorentz
S. Einstein,tran,Lorentz,https://en.wikipedia.org/wiki/Hendrik_Lorentz
Hendrik Lorentz,relate,Wikiquote,https://en.wikipedia.org/wiki/Hendrik_Lorentz
Wikiquote,relate,Hendrik Antoon Lorentz,https://en.wikipedia.org/wiki/Hendrik_Lorentz
Hendrik Antoon Lorentz,relate,Wikimedia Commons,https://en.wikipedia.org/wiki/Hendrik_Lorentz
Wikimedia Commons,relate,H. A. Lorentz,https://en.wikipedia.org/wiki/Hendrik_Lorentz
O'Connor,retrieve,John J.,https://en.wikipedia.org/wiki/Hendrik_Lorentz
John J.,retrieve,Robertson,https://en.wikipedia.org/wiki/Hendrik_Lorentz
Robertson,retrieve,Edmund F.,https://en.wikipedia.org/wiki/Hendrik_Lorentz
Edmund F.,retrieve,Lorentz,https://en.wikipedia.org/wiki/Hendrik_Lorentz
Lorentz,retrieve,MacTutor History of Mathematics,https://en.wikipedia.org/wiki/Hendrik_Lorentz
MacTutor History of Mathematics,retrieve,Lorentz,https://en.wikipedia.org/wiki/Hendrik_Lorentz
Heinrich Hertz,bear,Heinrich Rudolf Hertz,https://en.wikipedia.org/wiki/Heinrich_Hertz
Heinrich Rudolf Hertz,bear,Hamburg,https://en.wikipedia.org/wiki/Heinrich_Hertz
Elisabeth Doll,know,Mathilde,https://en.wikipedia.org/wiki/Heinrich_Hertz
Mathilde,know,Gustav Ferdinand Hertz,https://en.wikipedia.org/wiki/Heinrich_Hertz
Gustav Ferdinand Hertz,know,Gustav Ludwig Hertz,https://en.wikipedia.org/wiki/Heinrich_Hertz
He,study,sciences,https://en.wikipedia.org/wiki/Heinrich_Hertz
Hertz,take,post,https://en.wikipedia.org/wiki/Heinrich_Hertz
They,have,daughters,https://en.wikipedia.org/wiki/Heinrich_Hertz
Helmholtz,win,Hertz,https://en.wikipedia.org/wiki/Heinrich_Hertz
Hertz,produce,analysis,https://en.wikipedia.org/wiki/Heinrich_Hertz
they,have,validity,https://en.wikipedia.org/wiki/Heinrich_Hertz
Hertz,have,way,https://en.wikipedia.org/wiki/Heinrich_Hertz
Boussinesq,publish,observations,https://en.wikipedia.org/wiki/Heinrich_Hertz
Hertz,use,observation,https://en.wikipedia.org/wiki/Heinrich_Hertz
pressure,follow,distribution,https://en.wikipedia.org/wiki/Heinrich_Hertz
Johnson,use,theory,https://en.wikipedia.org/wiki/Heinrich_Hertz
Derjaguin,publish,theory,https://en.wikipedia.org/wiki/Heinrich_Hertz
Hertz,describe,cone,https://en.wikipedia.org/wiki/Heinrich_Hertz
edit]Hertz,have,interest,https://en.wikipedia.org/wiki/Heinrich_Hertz
Hertz,publish,Hermann Gerhard Hertz,https://en.wikipedia.org/wiki/Heinrich_Hertz
Hermann Gerhard Hertz,publish,the University of Karlsruhe,https://en.wikipedia.org/wiki/Heinrich_Hertz
the University of Karlsruhe,publish,Hertz,https://en.wikipedia.org/wiki/Heinrich_Hertz
Hertz,publish,the International Electrotechnical Commission,https://en.wikipedia.org/wiki/Heinrich_Hertz
the Fraunhofer Institute for Telecommunications,know,Heinrich Hertz Institute,https://en.wikipedia.org/wiki/Heinrich_Hertz
Heinrich Hertz Institute,know,HHI,https://en.wikipedia.org/wiki/Heinrich_Hertz
Hertz,present,Annalen der Physik,https://en.wikipedia.org/wiki/Heinrich_Hertz
Annalen der Physik,present,London,https://en.wikipedia.org/wiki/Heinrich_Hertz
London,present,Macmillan,https://en.wikipedia.org/wiki/Heinrich_Hertz
Macmillan,present,Hermann von Helmholtz,https://en.wikipedia.org/wiki/Heinrich_Hertz
Hermann von Helmholtz,present,Leipzig,https://en.wikipedia.org/wiki/Heinrich_Hertz
Leipzig,present,Heinrich Hertz,https://en.wikipedia.org/wiki/Heinrich_Hertz
Kleiner,publish,Stefan,https://en.wikipedia.org/wiki/Heinrich_Hertz
Stefan,publish,Knöbl,https://en.wikipedia.org/wiki/Heinrich_Hertz
Knöbl,publish,Ralf,https://en.wikipedia.org/wiki/Heinrich_Hertz
Tevis D. B. Jacobs,understand,C. M. Mate,https://en.wikipedia.org/wiki/Heinrich_Hertz
C. M. Mate,understand,Kevin T. Turner,https://en.wikipedia.org/wiki/Heinrich_Hertz
Kevin T. Turner,understand,Robert W Carpick,https://en.wikipedia.org/wiki/Heinrich_Hertz
Hertz,retrieve,Routledge Encyclopedia of Philosophy,https://en.wikipedia.org/wiki/Heinrich_Hertz
Routledge Encyclopedia of Philosophy,retrieve,London,https://en.wikipedia.org/wiki/Heinrich_Hertz
London,retrieve,Routledge,https://en.wikipedia.org/wiki/Heinrich_Hertz
who,discover,waves,https://en.wikipedia.org/wiki/Heinrich_Hertz
Ayer Company Publishers,reprint,Manchester,https://en.wikipedia.org/wiki/Heinrich_Hertz
Manchester,reprint,New Hampshire,https://en.wikipedia.org/wiki/Heinrich_Hertz
Buchwald,retrieve,Jed Z.,https://en.wikipedia.org/wiki/Heinrich_Hertz
Jed Z.,retrieve,University of Chicago Press,https://en.wikipedia.org/wiki/Heinrich_Hertz
University of Chicago Press,retrieve,Jenkins,https://en.wikipedia.org/wiki/Heinrich_Hertz
Jenkins,retrieve,John D.,https://en.wikipedia.org/wiki/Heinrich_Hertz
John D.,retrieve,Lodge,https://en.wikipedia.org/wiki/Heinrich_Hertz
Lodge,retrieve,Oliver Joseph,https://en.wikipedia.org/wiki/Heinrich_Hertz
Oliver Joseph,retrieve,Hertz,https://en.wikipedia.org/wiki/Heinrich_Hertz
Hertz,retrieve,London,https://en.wikipedia.org/wiki/Heinrich_Hertz
London,retrieve,"The Electrician"" Printing and Pub. Co.",https://en.wikipedia.org/wiki/Heinrich_Hertz
"The Electrician"" Printing and Pub. Co.",retrieve,Maugis,https://en.wikipedia.org/wiki/Heinrich_Hertz
Maugis,retrieve,Daniel,https://en.wikipedia.org/wiki/Heinrich_Hertz
Daniel,retrieve,"Contact, Adhesion and Rupture of Elastic Solids",https://en.wikipedia.org/wiki/Heinrich_Hertz
Heinrich Rudolph,retrieve,Rudolf) Hertz,https://en.wikipedia.org/wiki/Heinrich_Hertz
Roberge,retrieve,Pierre R.,https://en.wikipedia.org/wiki/Heinrich_Hertz
Pierre R.,retrieve,Susskind,https://en.wikipedia.org/wiki/Heinrich_Hertz
Susskind,retrieve,Charles,https://en.wikipedia.org/wiki/Heinrich_Hertz
Humboldt University of Berlin,educate,the Karlsruhe Institute of Technology,https://en.wikipedia.org/wiki/Heinrich_Hertz
the Karlsruhe Institute of Technology,educate,the Gelehrtenschule des Johanneums,https://en.wikipedia.org/wiki/Heinrich_Hertz
Wheatstone,take,interest,https://en.wikipedia.org/wiki/Oliver_Heaviside
he,take,job,https://en.wikipedia.org/wiki/Oliver_Heaviside
he,publish,article,https://en.wikipedia.org/wiki/Oliver_Heaviside
he,give,copy,https://en.wikipedia.org/wiki/Oliver_Heaviside
who,ask,Thomson,https://en.wikipedia.org/wiki/Oliver_Heaviside
Heaviside,develop,calculus,https://en.wikipedia.org/wiki/Oliver_Heaviside
I,understand,process,https://en.wikipedia.org/wiki/Oliver_Heaviside
Preece,be,Heaviside,https://en.wikipedia.org/wiki/Oliver_Heaviside
Wiener,publish,fiction,https://en.wikipedia.org/wiki/Oliver_Heaviside
This,include,prediction,https://en.wikipedia.org/wiki/Oliver_Heaviside
Heaviside,give,doctorate,https://en.wikipedia.org/wiki/Oliver_Heaviside
Torbay,attend,Parliament,https://en.wikipedia.org/wiki/Oliver_Heaviside
Parliament,attend,Torbay,https://en.wikipedia.org/wiki/Oliver_Heaviside
Torbay,attend,the Science Museum,https://en.wikipedia.org/wiki/Oliver_Heaviside
the Science Museum,attend,the Institution of Engineering and Technology,https://en.wikipedia.org/wiki/Oliver_Heaviside
the Institution of Engineering and Technology,attend,the Torbay Civic Society,https://en.wikipedia.org/wiki/Oliver_Heaviside
the Torbay Civic Society,attend,Newcastle University.[29,https://en.wikipedia.org/wiki/Oliver_Heaviside
Newcastle University.[29,attend,Institution of Engineering and Technology,https://en.wikipedia.org/wiki/Oliver_Heaviside
Institution of Engineering and Technology,attend,Heaviside,https://en.wikipedia.org/wiki/Oliver_Heaviside
Heaviside,attend,the Institution of Engineering and Technology (IET) Archive Centre.[30,https://en.wikipedia.org/wiki/Oliver_Heaviside
Oliver Heaviside,digitise,Oliver E Buckley,https://en.wikipedia.org/wiki/Oliver_Heaviside
Oliver E Buckley,digitise,Bell Telephone Labs,https://en.wikipedia.org/wiki/Oliver_Heaviside
Bell Telephone Labs,digitise,IET Archives,https://en.wikipedia.org/wiki/Oliver_Heaviside
IET Archives,digitise,Oliver Heaviside.[31,https://en.wikipedia.org/wiki/Oliver_Heaviside
Oliver Heaviside.[31,digitise,Heaviside,https://en.wikipedia.org/wiki/Oliver_Heaviside
Heaviside,digitise,the Institution of Electrical Engineers,https://en.wikipedia.org/wiki/Oliver_Heaviside
the Institution of Electrical Engineers,digitise,IEE,https://en.wikipedia.org/wiki/Oliver_Heaviside
Heaviside,know,Maxwell,https://en.wikipedia.org/wiki/Oliver_Heaviside
Heaviside,develop,theory,https://en.wikipedia.org/wiki/Oliver_Heaviside
The Electrician,move,Proc. Roy,https://en.wikipedia.org/wiki/Oliver_Heaviside
Proc. Roy,move,Heaviside,https://en.wikipedia.org/wiki/Oliver_Heaviside
Heaviside,move,Oliver,https://en.wikipedia.org/wiki/Oliver_Heaviside
Spon,reprint,Heaviside,https://en.wikipedia.org/wiki/Oliver_Heaviside
Heaviside,reprint,Oliver,https://en.wikipedia.org/wiki/Oliver_Heaviside
Heaviside,include,Chelsea,https://en.wikipedia.org/wiki/Oliver_Heaviside
Chelsea,include,Heaviside,https://en.wikipedia.org/wiki/Oliver_Heaviside
Heaviside,include,Oliver,https://en.wikipedia.org/wiki/Oliver_Heaviside
Hunt,retrieve,B. J.,https://en.wikipedia.org/wiki/Oliver_Heaviside
he,give,account,https://en.wikipedia.org/wiki/Oliver_Heaviside
Jeffreys,see,Bromwich WP,https://en.wikipedia.org/wiki/Oliver_Heaviside
Oliver Heaviside's,celebrate,The Institution of Electrical Engineers,https://en.wikipedia.org/wiki/Oliver_Heaviside
The Institution of Electrical Engineers,celebrate,London,https://en.wikipedia.org/wiki/Oliver_Heaviside
Oliver Heaviside,relate,Wikimedia Commons,https://en.wikipedia.org/wiki/Oliver_Heaviside
Wikimedia Commons,relate,The Dibner Library Portrait Collection,https://en.wikipedia.org/wiki/Oliver_Heaviside
The Dibner Library Portrait Collection,relate,Oliver Heaviside,https://en.wikipedia.org/wiki/Oliver_Heaviside
Oliver Heaviside,relate,the Internet Archive,https://en.wikipedia.org/wiki/Oliver_Heaviside
the Internet Archive,relate,Fleming,https://en.wikipedia.org/wiki/Oliver_Heaviside
Fleming,relate,John Ambrose,https://en.wikipedia.org/wiki/Oliver_Heaviside
Heather,archive,Alan,https://en.wikipedia.org/wiki/Oliver_Heaviside
Alan,archive,Oliver Heaviside,https://en.wikipedia.org/wiki/Oliver_Heaviside
Oliver Heaviside,archive,the Wayback Machine,https://en.wikipedia.org/wiki/Oliver_Heaviside
Katz,archive,Eugenii,https://en.wikipedia.org/wiki/Oliver_Heaviside
Eugenii,archive,Oliver Heaviside,https://en.wikipedia.org/wiki/Oliver_Heaviside
Devon,associate,Camden Town,https://en.wikipedia.org/wiki/Oliver_Heaviside
Camden Town,associate,the Royal Society,https://en.wikipedia.org/wiki/Oliver_Heaviside
Ambrose Fleming,bear,Sidmouth,https://en.wikipedia.org/wiki/John_Ambrose_Fleming
Sidmouth,bear,England,https://en.wikipedia.org/wiki/John_Ambrose_Fleming
England,bear,UK,https://en.wikipedia.org/wiki/John_Ambrose_Fleming
UK,bear,University College School,https://en.wikipedia.org/wiki/John_Ambrose_Fleming
Clara Pratt,know,May Franks,https://en.wikipedia.org/wiki/John_Ambrose_Fleming
May Franks,know,University College London,https://en.wikipedia.org/wiki/John_Ambrose_Fleming
John Ambrose Fleming,know,Fleming,https://en.wikipedia.org/wiki/John_Ambrose_Fleming
Fleming,know,Lancaster,https://en.wikipedia.org/wiki/John_Ambrose_Fleming
Lancaster,know,England,https://en.wikipedia.org/wiki/John_Ambrose_Fleming
England,know,James Fleming DD,https://en.wikipedia.org/wiki/John_Ambrose_Fleming
James Fleming DD,know,Mary Ann White.[3][2][7,https://en.wikipedia.org/wiki/John_Ambrose_Fleming
he,develop,interest,https://en.wikipedia.org/wiki/John_Ambrose_Fleming
Fleming,take,position,https://en.wikipedia.org/wiki/John_Ambrose_Fleming
Fleming,serve,Cambridge University,https://en.wikipedia.org/wiki/John_Ambrose_Fleming
Cambridge University,serve,University College Nottingham,https://en.wikipedia.org/wiki/John_Ambrose_Fleming
Fleming,make,the Marconi Company,https://en.wikipedia.org/wiki/John_Ambrose_Fleming
the Marconi Company,make,Marconi,https://en.wikipedia.org/wiki/John_Ambrose_Fleming
He,attend,meetings,https://en.wikipedia.org/wiki/John_Ambrose_Fleming
Douglas Dewar,establish,Bernard Acworth,https://en.wikipedia.org/wiki/John_Ambrose_Fleming
Bernard Acworth,establish,the Evolution Protest Movement,https://en.wikipedia.org/wiki/John_Ambrose_Fleming
library,include,editions,https://en.wikipedia.org/wiki/John_Ambrose_Fleming
John Ambrose Fleming,relate,Wikimedia Commons,https://en.wikipedia.org/wiki/John_Ambrose_Fleming
Wikimedia Commons,relate,John Ambrose Fleming,https://en.wikipedia.org/wiki/John_Ambrose_Fleming
John Ambrose Fleming,relate,Project Gutenberg,https://en.wikipedia.org/wiki/John_Ambrose_Fleming
Project Gutenberg,relate,John Ambrose Fleming,https://en.wikipedia.org/wiki/John_Ambrose_Fleming
John Ambrose Fleming,relate,the Internet Archive,https://en.wikipedia.org/wiki/John_Ambrose_Fleming
the Internet Archive,relate,Mitchell,https://en.wikipedia.org/wiki/John_Ambrose_Fleming
Mitchell,relate,John,https://en.wikipedia.org/wiki/John_Ambrose_Fleming
John,relate,Griffiths,https://en.wikipedia.org/wiki/John_Ambrose_Fleming
Griffiths,relate,Hugh,https://en.wikipedia.org/wiki/John_Ambrose_Fleming
Hugh,relate,Boyd,https://en.wikipedia.org/wiki/John_Ambrose_Fleming
Boyd,relate,Ian,https://en.wikipedia.org/wiki/John_Ambrose_Fleming
IEEE History Center,educate,Department of Electronic & Electrical Engineering,https://en.wikipedia.org/wiki/John_Ambrose_Fleming
Department of Electronic & Electrical Engineering,educate,UCL,https://en.wikipedia.org/wiki/John_Ambrose_Fleming
UCL,educate,Fleming,https://en.wikipedia.org/wiki/John_Ambrose_Fleming
Fleming,educate,Ambrose Fleming,https://en.wikipedia.org/wiki/John_Ambrose_Fleming
Ambrose Fleming,educate,University College London,https://en.wikipedia.org/wiki/John_Ambrose_Fleming
University College London,educate,Fleming,https://en.wikipedia.org/wiki/John_Ambrose_Fleming
Fleming,educate,University College London,https://en.wikipedia.org/wiki/John_Ambrose_Fleming
University College London,educate,Lancaster,https://en.wikipedia.org/wiki/John_Ambrose_Fleming
Lancaster,educate,Lancashire,https://en.wikipedia.org/wiki/John_Ambrose_Fleming
Lancashire,educate,Maida Vale,https://en.wikipedia.org/wiki/John_Ambrose_Fleming
Maida Vale,educate,University College London,https://en.wikipedia.org/wiki/John_Ambrose_Fleming
University College London,educate,the University of Nottingham,https://en.wikipedia.org/wiki/John_Ambrose_Fleming
the University of Nottingham,educate,University College London,https://en.wikipedia.org/wiki/John_Ambrose_Fleming
University College London,educate,St John's College,https://en.wikipedia.org/wiki/John_Ambrose_Fleming
St John's College,educate,Cambridge,https://en.wikipedia.org/wiki/John_Ambrose_Fleming
Cambridge,educate,University College School,https://en.wikipedia.org/wiki/John_Ambrose_Fleming
University College School,educate,the Royal Television Society,https://en.wikipedia.org/wiki/John_Ambrose_Fleming
the Royal Television Society,educate,the United Kingdom,https://en.wikipedia.org/wiki/John_Ambrose_Fleming
the United Kingdom,educate,the Royal College of Science,https://en.wikipedia.org/wiki/John_Ambrose_Fleming
the Royal College of Science,educate,Lancaster Royal Grammar School,https://en.wikipedia.org/wiki/John_Ambrose_Fleming
Lancaster Royal Grammar School,educate,the Royal Society,https://en.wikipedia.org/wiki/John_Ambrose_Fleming
the Royal Society,educate,Marconi Company,https://en.wikipedia.org/wiki/John_Ambrose_Fleming
Maxwell,describe,it,https://en.wikipedia.org/wiki/Electromagnetic_induction
he,see,currents,https://en.wikipedia.org/wiki/Electromagnetic_induction
who,use,ideas,https://en.wikipedia.org/wiki/Electromagnetic_induction
Heaviside,see,Maxwell,https://en.wikipedia.org/wiki/Electromagnetic_induction
law,make,use,https://en.wikipedia.org/wiki/Electromagnetic_induction
law,describe,phenomena,https://en.wikipedia.org/wiki/Electromagnetic_induction
He,use,term,https://en.wikipedia.org/wiki/Electromagnetic_induction
Michael Faraday,describe,Kelvin,https://en.wikipedia.org/wiki/Lorentz_force
Kelvin,describe,James Clerk Maxwell.[38,https://en.wikipedia.org/wiki/Lorentz_force
Thomson,publish,paper,https://en.wikipedia.org/wiki/Lorentz_force
he,give,force,https://en.wikipedia.org/wiki/Lorentz_force
Lorentz,make,distinction,https://en.wikipedia.org/wiki/Lorentz_force
that,bear,name.[44][45,https://en.wikipedia.org/wiki/Lorentz_force
Huray,ask,Jackson,https://en.wikipedia.org/wiki/Lorentz_force
Jackson,ask,Griffiths,https://en.wikipedia.org/wiki/Lorentz_force
Griffiths,ask,Dahl,https://en.wikipedia.org/wiki/Lorentz_force
Dahl,ask,Nahin,https://en.wikipedia.org/wiki/Lorentz_force
Faraday,use,Lorentz,https://en.wikipedia.org/wiki/Lorentz_force
Lorentz,archive,Wolfgang Bauer,https://en.wikipedia.org/wiki/Lorentz_force
Fracastoro,make,Gerolamo Cardano,https://en.wikipedia.org/wiki/Electric_charge
Gerolamo Cardano,make,De Magnete,https://en.wikipedia.org/wiki/Electric_charge
De Magnete,make,William Gilbert,https://en.wikipedia.org/wiki/Electric_charge
Dufay,develop,Nollet,https://en.wikipedia.org/wiki/Electric_charge
Nollet,develop,Franklin,https://en.wikipedia.org/wiki/Electric_charge
Fay,make,series,https://en.wikipedia.org/wiki/Electric_charge
that,hold,charge,https://en.wikipedia.org/wiki/Electric_charge
he,present,explanation,https://en.wikipedia.org/wiki/Electric_charge
Franklin,study,some,https://en.wikipedia.org/wiki/Electric_charge
Watson,be,Franklin,https://en.wikipedia.org/wiki/Electric_charge
interactions,include,effect,https://en.wikipedia.org/wiki/Electromagnetic_wave
Planck,know,Einstein,https://en.wikipedia.org/wiki/Electromagnetic_wave
who,publish,results,https://en.wikipedia.org/wiki/Electromagnetic_wave
Ritter,discover,ultraviolet,https://en.wikipedia.org/wiki/Electromagnetic_wave
Maxwell,develop,equations,https://en.wikipedia.org/wiki/Electromagnetic_wave
Heinrich Hertz,produce,Maxwell,https://en.wikipedia.org/wiki/Electromagnetic_wave
elements,give,rays,https://en.wikipedia.org/wiki/Electromagnetic_wave
scientist,discover,type,https://en.wikipedia.org/wiki/Electromagnetic_wave
he,describe,it,https://en.wikipedia.org/wiki/Electromagnetic_wave
Wilhelm Eduard Weber,discover,Rudolf Kohlrausch,https://en.wikipedia.org/wiki/Electromagnetic_wave
Rudolf Kohlrausch,discover,Maxwell,https://en.wikipedia.org/wiki/Electromagnetic_wave
Michael Faraday,promote,Society for promoting Christian,https://en.wikipedia.org/wiki/Electromagnetic_wave
International Agency for Research on Cancer,retrieve,Baeyens,https://en.wikipedia.org/wiki/Electromagnetic_wave
Baeyens,retrieve,Ans,https://en.wikipedia.org/wiki/Electromagnetic_wave
Ans,retrieve,Abrantes,https://en.wikipedia.org/wiki/Electromagnetic_wave
Abrantes,retrieve,Ana Margarida,https://en.wikipedia.org/wiki/Electromagnetic_wave
Ana Margarida,retrieve,Ahire,https://en.wikipedia.org/wiki/Electromagnetic_wave
Ahire,retrieve,Vidhula,https://en.wikipedia.org/wiki/Electromagnetic_wave
Vidhula,retrieve,Ainsbury,https://en.wikipedia.org/wiki/Electromagnetic_wave
Ainsbury,retrieve,Elizabeth A.,https://en.wikipedia.org/wiki/Electromagnetic_wave
Elizabeth A.,retrieve,Baatout,https://en.wikipedia.org/wiki/Electromagnetic_wave
Baatout,retrieve,Sarah,https://en.wikipedia.org/wiki/Electromagnetic_wave
Sarah,retrieve,Baselet,https://en.wikipedia.org/wiki/Electromagnetic_wave
Baselet,retrieve,Bjorn,https://en.wikipedia.org/wiki/Electromagnetic_wave
Bjorn,retrieve,Botelho,https://en.wikipedia.org/wiki/Electromagnetic_wave
Botelho,retrieve,Maria Filomena,https://en.wikipedia.org/wiki/Electromagnetic_wave
Maria Filomena,retrieve,Boterberg,https://en.wikipedia.org/wiki/Electromagnetic_wave
Boterberg,retrieve,Tom,https://en.wikipedia.org/wiki/Electromagnetic_wave
Tom,retrieve,Chevalier,https://en.wikipedia.org/wiki/Electromagnetic_wave
Chevalier,retrieve,Francois,https://en.wikipedia.org/wiki/Electromagnetic_wave
Francois,retrieve,Baatout,https://en.wikipedia.org/wiki/Electromagnetic_wave
Sarah,retrieve,Springer International Publishing,https://en.wikipedia.org/wiki/Electromagnetic_wave
Springer International Publishing,retrieve,Tao,https://en.wikipedia.org/wiki/Electromagnetic_wave
Tao,retrieve,Jiasheng,https://en.wikipedia.org/wiki/Electromagnetic_wave
Liebel,see,F,https://en.wikipedia.org/wiki/Electromagnetic_wave
F,see,Kaur,https://en.wikipedia.org/wiki/Electromagnetic_wave
Kaur,see,Ruvolo,https://en.wikipedia.org/wiki/Electromagnetic_wave
Ruvolo,see,E,https://en.wikipedia.org/wiki/Electromagnetic_wave
E,see,Kollias,https://en.wikipedia.org/wiki/Electromagnetic_wave
Kollias,see,N,https://en.wikipedia.org/wiki/Electromagnetic_wave
N,see,Southall,https://en.wikipedia.org/wiki/Electromagnetic_wave
Gauss,retrieve,Carl Friedrich,https://en.wikipedia.org/wiki/Electrostatics
Carl Friedrich,retrieve,Werke,https://en.wikipedia.org/wiki/Electrostatics
Werke,retrieve,Berlin,https://en.wikipedia.org/wiki/Electrostatics
Berlin,retrieve,Heidelberg,https://en.wikipedia.org/wiki/Electrostatics
Heidelberg,retrieve,Springer Berlin Heidelberg,https://en.wikipedia.org/wiki/Electrostatics
Springer Berlin Heidelberg,retrieve,Poisson,https://en.wikipedia.org/wiki/Electrostatics
Poisson,retrieve,France,https://en.wikipedia.org/wiki/Electrostatics
France,retrieve,Académie royale des,https://en.wikipedia.org/wiki/Electrostatics
Wikimedia Commons,relate,Wikiversity,https://en.wikipedia.org/wiki/Electrostatics
Gauss,know,Maxwell,https://en.wikipedia.org/wiki/Gauss%27s_law
Gauss,use,Coulomb,https://en.wikipedia.org/wiki/Gauss%27s_law
law,have,similarity,https://en.wikipedia.org/wiki/Gauss%27s_law
law,give,field,https://en.wikipedia.org/wiki/Gauss%27s_law
Gauss,hold,Coulomb,https://en.wikipedia.org/wiki/Gauss%27s_law
law,give,information,https://en.wikipedia.org/wiki/Gauss%27s_law
Coulomb,follow,Gauss,https://en.wikipedia.org/wiki/Gauss%27s_law
Maxwell,see,Gauss,https://en.wikipedia.org/wiki/Gauss%27s_law
Gauss,see,Faraday,https://en.wikipedia.org/wiki/Gauss%27s_law
Faraday,see,Ampère,https://en.wikipedia.org/wiki/Gauss%27s_law
Ampère,see,Maxwell,https://en.wikipedia.org/wiki/Gauss%27s_law
Duhem,have,Pierre,https://en.wikipedia.org/wiki/Gauss%27s_law
Lagrange,have,priority,https://en.wikipedia.org/wiki/Gauss%27s_law
Others,discover,Law,https://en.wikipedia.org/wiki/Gauss%27s_law
Griffiths,see,David J.,https://en.wikipedia.org/wiki/Gauss%27s_law
David J. Griffiths,relate,Gauss,https://en.wikipedia.org/wiki/Gauss%27s_law
Gauss,relate,Wikimedia Commons,https://en.wikipedia.org/wiki/Gauss%27s_law
Wikimedia Commons,relate,Gauss,https://en.wikipedia.org/wiki/Gauss%27s_law
Gauss,relate,the Wayback Machine,https://en.wikipedia.org/wiki/Gauss%27s_law
the Wayback Machine,relate,Peter Signell,https://en.wikipedia.org/wiki/Gauss%27s_law
Peter Signell,relate,Project PHYSNET,https://en.wikipedia.org/wiki/Gauss%27s_law
Project PHYSNET,relate,Peter Signell,https://en.wikipedia.org/wiki/Gauss%27s_law
law,relate,circulation,https://en.wikipedia.org/wiki/Amp%C3%A8re%27s_law
law,relate,fields,https://en.wikipedia.org/wiki/Amp%C3%A8re%27s_law
that,produce,them,https://en.wikipedia.org/wiki/Amp%C3%A8re%27s_law
Ampère,include,Maxwell,https://en.wikipedia.org/wiki/Amp%C3%A8re%27s_law
Maxwell,include,Palgrave Macmillan,https://en.wikipedia.org/wiki/Amp%C3%A8re%27s_law
Griffiths,see,David J.,https://en.wikipedia.org/wiki/Amp%C3%A8re%27s_law
Ampere,relate,Wikimedia Commons,https://en.wikipedia.org/wiki/Amp%C3%A8re%27s_law
Wikimedia Commons,relate,Ampere,https://en.wikipedia.org/wiki/Amp%C3%A8re%27s_law
Ampere,relate,Kirby Morgan,https://en.wikipedia.org/wiki/Amp%C3%A8re%27s_law
Kirby Morgan,relate,Project PHYSNET,https://en.wikipedia.org/wiki/Amp%C3%A8re%27s_law
Project PHYSNET,relate,J. S. Kovacs,https://en.wikipedia.org/wiki/Amp%C3%A8re%27s_law
J. S. Kovacs,relate,PHYSNET,https://en.wikipedia.org/wiki/Amp%C3%A8re%27s_law
PHYSNET,relate,Maxwell,https://en.wikipedia.org/wiki/Amp%C3%A8re%27s_law
Henry,make,observations,https://en.wikipedia.org/wiki/Faraday%27s_law_of_induction
notebook,describe,demonstration,https://en.wikipedia.org/wiki/Faraday%27s_law_of_induction
that,produce,current,https://en.wikipedia.org/wiki/Faraday%27s_law_of_induction
Maxwell,give,expression,https://en.wikipedia.org/wiki/Faraday%27s_law_of_induction
law,describe,flux,https://en.wikipedia.org/wiki/Faraday%27s_law_of_induction
Franz Ernst Neumann,establish,Albert Einstein,https://en.wikipedia.org/wiki/Faraday%27s_law_of_induction
Albert Einstein,establish,Faraday,https://en.wikipedia.org/wiki/Faraday%27s_law_of_induction
Sadiku,see,M. N. O.,https://en.wikipedia.org/wiki/Faraday%27s_law_of_induction
Giancoli,retrieve,Douglas C.,https://en.wikipedia.org/wiki/Faraday%27s_law_of_induction
Faraday,archive,Michael,https://en.wikipedia.org/wiki/Faraday%27s_law_of_induction
Michael,archive,Day,https://en.wikipedia.org/wiki/Faraday%27s_law_of_induction
Einstein,move,Albert,https://en.wikipedia.org/wiki/Faraday%27s_law_of_induction
Albert,move,Griffiths,https://en.wikipedia.org/wiki/Faraday%27s_law_of_induction
Griffiths,move,Tai L. Chow,https://en.wikipedia.org/wiki/Faraday%27s_law_of_induction
Faraday,relate,Wikimedia Commons,https://en.wikipedia.org/wiki/Faraday%27s_law_of_induction
Wikimedia Commons,relate,Roberto Vega,https://en.wikipedia.org/wiki/Faraday%27s_law_of_induction
which,give,explanation,https://en.wikipedia.org/wiki/Ohm%27s_law
who,study,properties,https://en.wikipedia.org/wiki/Ohm%27s_law
Physicists,use,equation,https://en.wikipedia.org/wiki/Ohm%27s_law
Fick,see,Hopkinson,https://en.wikipedia.org/wiki/Ohm%27s_law
Hopkinson,see,Ohm,https://en.wikipedia.org/wiki/Ohm%27s_law
Ohm,see,Norton,https://en.wikipedia.org/wiki/Ohm%27s_law
Norton,see,Thévenin,https://en.wikipedia.org/wiki/Ohm%27s_law
Thévenin,see,Consoliver,https://en.wikipedia.org/wiki/Ohm%27s_law
Consoliver,see,Earl L.,https://en.wikipedia.org/wiki/Ohm%27s_law
Earl L.,see,Mitchell,https://en.wikipedia.org/wiki/Ohm%27s_law
Mitchell,see,Grover I.,https://en.wikipedia.org/wiki/Ohm%27s_law
Shedd,give,history,https://en.wikipedia.org/wiki/Ohm%27s_law
The Lord Smith of Finsbury,establish,Deborah Prentice,https://en.wikipedia.org/wiki/University_of_Cambridge
Deborah Prentice,establish,England,https://en.wikipedia.org/wiki/University_of_Cambridge
England,establish,Cambridge,https://en.wikipedia.org/wiki/University_of_Cambridge
Cambridge,establish,The University of Cambridge,https://en.wikipedia.org/wiki/University_of_Cambridge
The University of Cambridge,establish,Cambridge,https://en.wikipedia.org/wiki/University_of_Cambridge
Cambridge,establish,England,https://en.wikipedia.org/wiki/University_of_Cambridge
founding,follow,arrival,https://en.wikipedia.org/wiki/University_of_Cambridge
libraries,hold,total,https://en.wikipedia.org/wiki/University_of_Cambridge
Francis Bacon,win,Lord Byron,https://en.wikipedia.org/wiki/University_of_Cambridge
Lord Byron,win,Oliver Cromwell,https://en.wikipedia.org/wiki/University_of_Cambridge
Oliver Cromwell,win,Charles Darwin,https://en.wikipedia.org/wiki/University_of_Cambridge
Charles Darwin,win,Rajiv Gandhi,https://en.wikipedia.org/wiki/University_of_Cambridge
Rajiv Gandhi,win,John Harvard,https://en.wikipedia.org/wiki/University_of_Cambridge
John Harvard,win,Stephen Hawking,https://en.wikipedia.org/wiki/University_of_Cambridge
Stephen Hawking,win,John Maynard Keynes,https://en.wikipedia.org/wiki/University_of_Cambridge
John Maynard Keynes,win,John Milton,https://en.wikipedia.org/wiki/University_of_Cambridge
John Milton,win,Vladimir Nabokov,https://en.wikipedia.org/wiki/University_of_Cambridge
Vladimir Nabokov,win,Jawaharlal Nehru,https://en.wikipedia.org/wiki/University_of_Cambridge
Jawaharlal Nehru,win,Isaac Newton,https://en.wikipedia.org/wiki/University_of_Cambridge
Isaac Newton,win,Salman Rushdie,https://en.wikipedia.org/wiki/University_of_Cambridge
Salman Rushdie,win,Bertrand Russell,https://en.wikipedia.org/wiki/University_of_Cambridge
Bertrand Russell,win,Alan Turing,https://en.wikipedia.org/wiki/University_of_Cambridge
Alan Turing,win,Ludwig Wittgenstein,https://en.wikipedia.org/wiki/University_of_Cambridge
Ludwig Wittgenstein,win,William Wordsworth,https://en.wikipedia.org/wiki/University_of_Cambridge
alumni,win,Prizes.[17,https://en.wikipedia.org/wiki/University_of_Cambridge
Cambridge,develop,reputation,https://en.wikipedia.org/wiki/University_of_Cambridge
scholars,take,residence,https://en.wikipedia.org/wiki/University_of_Cambridge
nobles,see,Church,https://en.wikipedia.org/wiki/University_of_Cambridge
colleges,produce,graduates,https://en.wikipedia.org/wiki/University_of_Cambridge
"the Mathematical Tripos,[27",know,Cambridge,https://en.wikipedia.org/wiki/University_of_Cambridge
Hodge,establish,Cambridge,https://en.wikipedia.org/wiki/University_of_Cambridge
The University of Cambridge,begin,Cambridge,https://en.wikipedia.org/wiki/University_of_Cambridge
Girton College,establish,Emily Davies,https://en.wikipedia.org/wiki/University_of_Cambridge
Emily Davies,establish,Newnham College,https://en.wikipedia.org/wiki/University_of_Cambridge
Newnham College,establish,Anne Clough,https://en.wikipedia.org/wiki/University_of_Cambridge
Anne Clough,establish,Henry Sidgwick,https://en.wikipedia.org/wiki/University_of_Cambridge
Henry Sidgwick,establish,Hughes Hall,https://en.wikipedia.org/wiki/University_of_Cambridge
Hughes Hall,establish,Elizabeth Phillips Hughes,https://en.wikipedia.org/wiki/University_of_Cambridge
Elizabeth Phillips Hughes,establish,the Cambridge Teaching College for Women,https://en.wikipedia.org/wiki/University_of_Cambridge
the Cambridge Teaching College for Women,establish,Murray Edwards College,https://en.wikipedia.org/wiki/University_of_Cambridge
Murray Edwards College,establish,Rosemary Murray,https://en.wikipedia.org/wiki/University_of_Cambridge
Rosemary Murray,establish,Lucy Cavendish College,https://en.wikipedia.org/wiki/University_of_Cambridge
Girton,begin,Lucy Cavendish,https://en.wikipedia.org/wiki/University_of_Cambridge
College,have,some,https://en.wikipedia.org/wiki/University_of_Cambridge
University,include,locations,https://en.wikipedia.org/wiki/University_of_Cambridge
Cambridge,have,colleges,https://en.wikipedia.org/wiki/University_of_Cambridge
Churchill,have,reputation,https://en.wikipedia.org/wiki/University_of_Cambridge
%,study,mathematics,https://en.wikipedia.org/wiki/University_of_Cambridge
colleges,have,focus,https://en.wikipedia.org/wiki/University_of_Cambridge
both,have,reputation,https://en.wikipedia.org/wiki/University_of_Cambridge
university,have,department,https://en.wikipedia.org/wiki/University_of_Cambridge
number,hold,responsibility,https://en.wikipedia.org/wiki/University_of_Cambridge
who,begin,role,https://en.wikipedia.org/wiki/University_of_Cambridge
Cambridge University Council,make,Regent House,https://en.wikipedia.org/wiki/University_of_Cambridge
which,include,range,https://en.wikipedia.org/wiki/University_of_Cambridge
percent,have,impact,https://en.wikipedia.org/wiki/University_of_Cambridge
candidates,have,rates,https://en.wikipedia.org/wiki/University_of_Cambridge
they,have,grades,https://en.wikipedia.org/wiki/University_of_Cambridge
tutor,develop,concept,https://en.wikipedia.org/wiki/University_of_Cambridge
University,have,departments,https://en.wikipedia.org/wiki/University_of_Cambridge
faculty,have,library,https://en.wikipedia.org/wiki/University_of_Cambridge
Library,have,manuscripts,https://en.wikipedia.org/wiki/University_of_Cambridge
Museum,hold,specimens,https://en.wikipedia.org/wiki/University_of_Cambridge
museums,include,Museum,https://en.wikipedia.org/wiki/University_of_Cambridge
university,establish,Syndicate,https://en.wikipedia.org/wiki/University_of_Cambridge
who,win,competition,https://en.wikipedia.org/wiki/University_of_Cambridge
who,develop,composition,https://en.wikipedia.org/wiki/University_of_Cambridge
societies,include,Club,https://en.wikipedia.org/wiki/University_of_Cambridge
The University of Cambridge's,know,Oxford,https://en.wikipedia.org/wiki/University_of_Cambridge
figures,include,Paxman,https://en.wikipedia.org/wiki/University_of_Cambridge
newspaper,feature,writings,https://en.wikipedia.org/wiki/University_of_Cambridge
Varsity,appear,The Guardian,https://en.wikipedia.org/wiki/University_of_Cambridge
The Guardian,appear,The Times,https://en.wikipedia.org/wiki/University_of_Cambridge
The Times,appear,The Sunday Times,https://en.wikipedia.org/wiki/University_of_Cambridge
The Sunday Times,appear,The Daily Telegraph,https://en.wikipedia.org/wiki/University_of_Cambridge
The Daily Telegraph,appear,The Independent,https://en.wikipedia.org/wiki/University_of_Cambridge
The Independent,appear,The i Paper,https://en.wikipedia.org/wiki/University_of_Cambridge
publications,include,Student,https://en.wikipedia.org/wiki/University_of_Cambridge
University of Cambridge,include,Oxford,https://en.wikipedia.org/wiki/University_of_Cambridge
Cambridge,call,the University of Cambridge,https://en.wikipedia.org/wiki/University_of_Cambridge
the University of Cambridge,call,Israel,https://en.wikipedia.org/wiki/University_of_Cambridge
Israel,call,the Gaza Strip,https://en.wikipedia.org/wiki/University_of_Cambridge
Students,write,letter,https://en.wikipedia.org/wiki/University_of_Cambridge
section,include,summary,https://en.wikipedia.org/wiki/University_of_Cambridge
alumni,include,founders,https://en.wikipedia.org/wiki/University_of_Cambridge
John Chadwick,associate,Michael Ventris,https://en.wikipedia.org/wiki/University_of_Cambridge
academics,include,economists,https://en.wikipedia.org/wiki/University_of_Cambridge
philosophers,include,Bacon,https://en.wikipedia.org/wiki/University_of_Cambridge
historians,include,Macaulay,https://en.wikipedia.org/wiki/University_of_Cambridge
alumni,include,Williams,https://en.wikipedia.org/wiki/University_of_Cambridge
university,produce,instrumentalists,https://en.wikipedia.org/wiki/University_of_Cambridge
alumni,include,members,https://en.wikipedia.org/wiki/University_of_Cambridge
Christopher Marlowe,study,University Wits,https://en.wikipedia.org/wiki/University_of_Cambridge
University Wits,study,Thomas Nashe,https://en.wikipedia.org/wiki/University_of_Cambridge
Thomas Nashe,study,Robert Greene,https://en.wikipedia.org/wiki/University_of_Cambridge
Robert Greene,study,England,https://en.wikipedia.org/wiki/University_of_Cambridge
England,study,John Fletcher,https://en.wikipedia.org/wiki/University_of_Cambridge
John Fletcher,study,Shakespeare,https://en.wikipedia.org/wiki/University_of_Cambridge
Shakespeare,study,Henry VIII,https://en.wikipedia.org/wiki/University_of_Cambridge
Henry VIII,study,Cardenio,https://en.wikipedia.org/wiki/University_of_Cambridge
M. R. James,serve,King's College,https://en.wikipedia.org/wiki/University_of_Cambridge
writers,include,Forster,https://en.wikipedia.org/wiki/University_of_Cambridge
Patrick White,follow,J. G. Ballard,https://en.wikipedia.org/wiki/University_of_Cambridge
J. G. Ballard,follow,E. R. Braithwaite,https://en.wikipedia.org/wiki/University_of_Cambridge
alumni,include,writers,https://en.wikipedia.org/wiki/University_of_Cambridge
alumni,include,poets,https://en.wikipedia.org/wiki/University_of_Cambridge
alumni,make,contributions,https://en.wikipedia.org/wiki/University_of_Cambridge
who,attend,University,https://en.wikipedia.org/wiki/University_of_Cambridge
Actors,include,McKellen,https://en.wikipedia.org/wiki/University_of_Cambridge
alumni,include,Bacon,https://en.wikipedia.org/wiki/University_of_Cambridge
who,develop,method,https://en.wikipedia.org/wiki/University_of_Cambridge
who,make,contributions,https://en.wikipedia.org/wiki/University_of_Cambridge
University of Cambridge,include,Charles Darwin,https://en.wikipedia.org/wiki/University_of_Cambridge
Charles Darwin,include,Christ's College,https://en.wikipedia.org/wiki/University_of_Cambridge
Crick,develop,model,https://en.wikipedia.org/wiki/University_of_Cambridge
Wilkins,produce,data,https://en.wikipedia.org/wiki/University_of_Cambridge
Ian Wilmut,know,Dolly the Sheep in 1996),https://en.wikipedia.org/wiki/University_of_Cambridge
Dolly the Sheep in 1996),know,David Attenborough,https://en.wikipedia.org/wiki/University_of_Cambridge
David Attenborough,know,Jane Goodall,https://en.wikipedia.org/wiki/University_of_Cambridge
Jane Goodall,know,Dame Alison Richard,https://en.wikipedia.org/wiki/University_of_Cambridge
Dame Alison Richard,know,Frederick Sanger,https://en.wikipedia.org/wiki/University_of_Cambridge
Frederick Sanger,know,Sanger,https://en.wikipedia.org/wiki/University_of_Cambridge
scientists,include,Stephenson,https://en.wikipedia.org/wiki/University_of_Cambridge
that,develop,bomb,https://en.wikipedia.org/wiki/University_of_Cambridge
alumni,include,Herschel,https://en.wikipedia.org/wiki/University_of_Cambridge
alumni,include,Cavendish,https://en.wikipedia.org/wiki/University_of_Cambridge
who,discover,hydrogen,https://en.wikipedia.org/wiki/University_of_Cambridge
University,have,reputation,https://en.wikipedia.org/wiki/University_of_Cambridge
Cambridge,serve,Stanley Baldwin,https://en.wikipedia.org/wiki/University_of_Cambridge
Stanley Baldwin,serve,India,https://en.wikipedia.org/wiki/University_of_Cambridge
India,serve,Ireland,https://en.wikipedia.org/wiki/University_of_Cambridge
Ireland,serve,Trinidad and Tobago,https://en.wikipedia.org/wiki/University_of_Cambridge
Trinidad and Tobago,serve,Uganda,https://en.wikipedia.org/wiki/University_of_Cambridge
Uganda,serve,South Korea,https://en.wikipedia.org/wiki/University_of_Cambridge
South Korea,serve,Singapore,https://en.wikipedia.org/wiki/University_of_Cambridge
Singapore,serve,Zambia,https://en.wikipedia.org/wiki/University_of_Cambridge
Zambia,serve,Australia,https://en.wikipedia.org/wiki/University_of_Cambridge
Australia,serve,Bahrain,https://en.wikipedia.org/wiki/University_of_Cambridge
Bahrain,serve,Burma,https://en.wikipedia.org/wiki/University_of_Cambridge
Burma,serve,France,https://en.wikipedia.org/wiki/University_of_Cambridge
France,serve,India,https://en.wikipedia.org/wiki/University_of_Cambridge
India,serve,Jordan,https://en.wikipedia.org/wiki/University_of_Cambridge
Jordan,serve,Luxembourg,https://en.wikipedia.org/wiki/University_of_Cambridge
Luxembourg,serve,Malaysia,https://en.wikipedia.org/wiki/University_of_Cambridge
Malaysia,serve,Malta,https://en.wikipedia.org/wiki/University_of_Cambridge
Malta,serve,Thailand,https://en.wikipedia.org/wiki/University_of_Cambridge
Thailand,serve,Pakistan,https://en.wikipedia.org/wiki/University_of_Cambridge
Pakistan,serve,Poland,https://en.wikipedia.org/wiki/University_of_Cambridge
Poland,serve,Singapore,https://en.wikipedia.org/wiki/University_of_Cambridge
Singapore,serve,South Africa,https://en.wikipedia.org/wiki/University_of_Cambridge
South Africa,serve,Sri Lanka,https://en.wikipedia.org/wiki/University_of_Cambridge
Sri Lanka,serve,New Zealand,https://en.wikipedia.org/wiki/University_of_Cambridge
New Zealand,serve,Edward VII,https://en.wikipedia.org/wiki/University_of_Cambridge
Edward VII,serve,George VI,https://en.wikipedia.org/wiki/University_of_Cambridge
George VI,serve,Charles III,https://en.wikipedia.org/wiki/University_of_Cambridge
Charles III,serve,the United Kingdom,https://en.wikipedia.org/wiki/University_of_Cambridge
the United Kingdom,serve,Peter II,https://en.wikipedia.org/wiki/University_of_Cambridge
Peter II,serve,Yugoslavia,https://en.wikipedia.org/wiki/University_of_Cambridge
Yugoslavia,serve,Margrethe II,https://en.wikipedia.org/wiki/University_of_Cambridge
Margrethe II,serve,Denmark,https://en.wikipedia.org/wiki/University_of_Cambridge
Denmark,serve,Sofía,https://en.wikipedia.org/wiki/University_of_Cambridge
Sofía,serve,Spain,https://en.wikipedia.org/wiki/University_of_Cambridge
university,educate,number,https://en.wikipedia.org/wiki/University_of_Cambridge
Alumni,include,Yaping,https://en.wikipedia.org/wiki/University_of_Cambridge
staff,include,scholars,https://en.wikipedia.org/wiki/University_of_Cambridge
University of Cambridge,call,Trinity College.[207,https://en.wikipedia.org/wiki/University_of_Cambridge
Douglas Adams',include,Dirk Gently's,https://en.wikipedia.org/wiki/University_of_Cambridge
Dirk Gently's,include,Rose Macaulay's,https://en.wikipedia.org/wiki/University_of_Cambridge
Rose Macaulay's,include,Tom Sharpe's,https://en.wikipedia.org/wiki/University_of_Cambridge
the University of Cambridge,include,Xu Zhimo's,https://en.wikipedia.org/wiki/University_of_Cambridge
Xu Zhimo's,include,China,https://en.wikipedia.org/wiki/University_of_Cambridge
China,include,the University of Cambridge,https://en.wikipedia.org/wiki/University_of_Cambridge
Psmith,publish,P. G. Wodehouse,https://en.wikipedia.org/wiki/University_of_Cambridge
P. G. Wodehouse,publish,Mike,https://en.wikipedia.org/wiki/University_of_Cambridge
Mike,publish,the University of Cambridge,https://en.wikipedia.org/wiki/University_of_Cambridge
film,feature,Keating,https://en.wikipedia.org/wiki/University_of_Cambridge
King's College of the University of Cambridge,feature,M. R. James.[211][212,https://en.wikipedia.org/wiki/University_of_Cambridge
series,feature,Crane,https://en.wikipedia.org/wiki/University_of_Cambridge
Koothrappali,study,astrophysics,https://en.wikipedia.org/wiki/University_of_Cambridge
Koothrappali,study,law,https://en.wikipedia.org/wiki/University_of_Cambridge
that,feature,Turing,https://en.wikipedia.org/wiki/University_of_Cambridge
Who,know,Infinity,https://en.wikipedia.org/wiki/University_of_Cambridge
film,feature,archaeologists,https://en.wikipedia.org/wiki/University_of_Cambridge
J. Robert Oppenheimer,study,Christ's College,https://en.wikipedia.org/wiki/University_of_Cambridge
"Trinity College
-
",celebrate,"Corpus Christi College
-
",https://en.wikipedia.org/wiki/University_of_Cambridge
"Corpus Christi College
-
",celebrate,Gonville,https://en.wikipedia.org/wiki/University_of_Cambridge
Gonville,celebrate,"Wolfson College
",https://en.wikipedia.org/wiki/University_of_Cambridge
"Wolfson College
",celebrate,"Queen's College
",https://en.wikipedia.org/wiki/University_of_Cambridge
"Queen's College
",celebrate,"Jesus College
",https://en.wikipedia.org/wiki/University_of_Cambridge
"Jesus College
",celebrate,Homerton College,https://en.wikipedia.org/wiki/University_of_Cambridge
Homerton College,celebrate,Sidney Sussex College,https://en.wikipedia.org/wiki/University_of_Cambridge
Sidney Sussex College,celebrate,University of Cambridge,https://en.wikipedia.org/wiki/University_of_Cambridge
University of Cambridge,celebrate,Cambridge University,https://en.wikipedia.org/wiki/University_of_Cambridge
Cambridge University,celebrate,the University of Cambridge,https://en.wikipedia.org/wiki/University_of_Cambridge
the Wayback Machine,archive,Varsity News,https://en.wikipedia.org/wiki/University_of_Cambridge
Woodcock,retrieve,Norman,https://en.wikipedia.org/wiki/University_of_Cambridge
Norman,retrieve,D.,https://en.wikipedia.org/wiki/University_of_Cambridge
Grace,publish,Acta in the Reporter,https://en.wikipedia.org/wiki/University_of_Cambridge
Acta in the Reporter,publish,Results of Ballot,https://en.wikipedia.org/wiki/University_of_Cambridge
the Wayback Machine,archive,University of Cambridge,https://en.wikipedia.org/wiki/University_of_Cambridge
Half,have,students,https://en.wikipedia.org/wiki/University_of_Cambridge
Russell Group,appear,Oxford,https://en.wikipedia.org/wiki/University_of_Cambridge
Oxford,appear,Cambridge,https://en.wikipedia.org/wiki/University_of_Cambridge
Mathew Guest,understand,Kristin Aune,https://en.wikipedia.org/wiki/University_of_Cambridge
Kristin Aune,understand,Sonya Sharma,https://en.wikipedia.org/wiki/University_of_Cambridge
Sonya Sharma,understand,Rob Warner,https://en.wikipedia.org/wiki/University_of_Cambridge
Cambridge,call,Gaza,https://en.wikipedia.org/wiki/University_of_Cambridge
Gaza,call,King's College,https://en.wikipedia.org/wiki/University_of_Cambridge
Downing,elect,Virgo,https://en.wikipedia.org/wiki/University_of_Cambridge
Royal Society,take,Paul Nurse,https://en.wikipedia.org/wiki/Royal_Society
Paul Nurse,take,Adrian Smith,https://en.wikipedia.org/wiki/Royal_Society
the Royal Society of London,describe,Robert Boyle,https://en.wikipedia.org/wiki/Royal_Society
"""Philosophical Society of Oxford",know,John Wilkins,https://en.wikipedia.org/wiki/Royal_Society
John Wilkins,know,Wadham College,https://en.wikipedia.org/wiki/Royal_Society
Wadham College,know,the Bodleian Library.[11,https://en.wikipedia.org/wiki/Royal_Society
the Royal Society.[11,hold,the Montmor Academy,https://en.wikipedia.org/wiki/Royal_Society
the Montmor Academy,hold,England,https://en.wikipedia.org/wiki/Royal_Society
Oldenburg,attend,meeting.[13,https://en.wikipedia.org/wiki/Royal_Society
who,know,Oldenburg,https://en.wikipedia.org/wiki/Royal_Society
meetings,include,experiments,https://en.wikipedia.org/wiki/Royal_Society
he,use,position,https://en.wikipedia.org/wiki/Royal_Society
Bradley,establish,nutation,https://en.wikipedia.org/wiki/Royal_Society
members,include,Wray,https://en.wikipedia.org/wiki/Royal_Society
Birch,have,Martin Folkes,https://en.wikipedia.org/wiki/Royal_Society
Martin Folkes,have,Macclesfield,https://en.wikipedia.org/wiki/Royal_Society
Macclesfield,have,Hardwicke,https://en.wikipedia.org/wiki/Royal_Society
Macclesfield,have,Morton,https://en.wikipedia.org/wiki/Royal_Society
Morton,have,John Pringle,https://en.wikipedia.org/wiki/Royal_Society
South,establish,Committee,https://en.wikipedia.org/wiki/Royal_Society
Council,follow,Marjory Stephenson,https://en.wikipedia.org/wiki/Royal_Society
Marjory Stephenson,follow,Kathleen Lonsdale,https://en.wikipedia.org/wiki/Royal_Society
Kathleen Lonsdale,follow,Mary Cartwright,https://en.wikipedia.org/wiki/Royal_Society
Mary Cartwright,follow,the Royal Society.[49][50][51,https://en.wikipedia.org/wiki/Royal_Society
Cartwright,serve,the Council of the Royal Society.[49,https://en.wikipedia.org/wiki/Royal_Society
group,publish,report,https://en.wikipedia.org/wiki/Royal_Society
who,ask,King,https://en.wikipedia.org/wiki/Royal_Society
society,have,helmet,https://en.wikipedia.org/wiki/Royal_Society
he,use,helmet,https://en.wikipedia.org/wiki/Royal_Society
The King of the United Kingdom,be,The Duke of Kent,https://en.wikipedia.org/wiki/Royal_Society
The Duke of Kent,be,The Princess Royal,https://en.wikipedia.org/wiki/Royal_Society
The Princess Royal,be,The Prince of Wales.[3],https://en.wikipedia.org/wiki/Royal_Society
O'Neill,elect,Bengarve.[62,https://en.wikipedia.org/wiki/Royal_Society
It,publish,reports,https://en.wikipedia.org/wiki/Royal_Society
Journal,publish,research,https://en.wikipedia.org/wiki/Royal_Society
"Focus,[103",publish,issue,https://en.wikipedia.org/wiki/Royal_Society
Royal Institution,appear,Royal Academy of Engineering,https://en.wikipedia.org/wiki/Royal_Society
Royal Academy of Engineering,appear,Neal Stephenson,https://en.wikipedia.org/wiki/Royal_Society
Neal Stephenson,appear,the Royal Society,https://en.wikipedia.org/wiki/Royal_Society
the Royal Society,appear,UK Young Academy,https://en.wikipedia.org/wiki/Royal_Society
David A. Kronick,retrieve,The Library Quarterly,https://en.wikipedia.org/wiki/Royal_Society
The Library Quarterly,retrieve,JOC/EFR:,https://en.wikipedia.org/wiki/Royal_Society
Paul Nurse,elect,the Royal Society,https://en.wikipedia.org/wiki/Royal_Society
the Royal Society,elect,Royal Society,https://en.wikipedia.org/wiki/Royal_Society
Royal Society,elect,royalsociety.org,https://en.wikipedia.org/wiki/Royal_Society
The Royal Society,digitise,BBC Radio 4,https://en.wikipedia.org/wiki/Royal_Society
BBC Radio 4,digitise,Stephen Pumphrey,https://en.wikipedia.org/wiki/Royal_Society
Stephen Pumphrey,digitise,Lisa Jardine,https://en.wikipedia.org/wiki/Royal_Society
Lisa Jardine,digitise,Michael Hunter,https://en.wikipedia.org/wiki/Royal_Society
Michael Hunter,digitise,Royal Society,https://en.wikipedia.org/wiki/Royal_Society
Royal Society,digitise,England,https://en.wikipedia.org/wiki/Royal_Society
England,digitise,the International Council for Science,https://en.wikipedia.org/wiki/Royal_Society
Michael Faraday's,understand,James Clerk Maxwell's,https://en.wikipedia.org/wiki/Classical_electromagnetism
"Wolfgang Pauli,[1",give,"E. T. Whittaker,[2",https://en.wikipedia.org/wiki/Classical_electromagnetism
"E. T. Whittaker,[2",give,"Abraham Pais,[3",https://en.wikipedia.org/wiki/Classical_electromagnetism
"Abraham Pais,[3",give,Bruce J. Hunt.[4,https://en.wikipedia.org/wiki/Classical_electromagnetism
philosophy,have,origins,https://en.wikipedia.org/wiki/Physics
event,have,cause.[14,https://en.wikipedia.org/wiki/Physics
Aristotle,write,Plato,https://en.wikipedia.org/wiki/Physics
Ibn,present,idea,https://en.wikipedia.org/wiki/Physics
Europeans,use,methods,https://en.wikipedia.org/wiki/Physics
developments,include,replacement,https://en.wikipedia.org/wiki/Physics
Max Planck,begin,Albert Einstein's,https://en.wikipedia.org/wiki/Physics
physicists,write,Laplace,https://en.wikipedia.org/wiki/Physics
Roger Penrose,call,"Stephen Hawking,[98",https://en.wikipedia.org/wiki/Physics
"Stephen Hawking,[98",call,Penrose,https://en.wikipedia.org/wiki/Physics
Hilary Putnam,hold,Penelope Maddy,https://en.wikipedia.org/wiki/Physics
Kant,see,Ritter,https://en.wikipedia.org/wiki/Physics
Ritter,see,Ørsted,https://en.wikipedia.org/wiki/Physics
Krzanowski,describe,snowflakes,https://en.wikipedia.org/wiki/Physics
Guicciardini,see,Leibniz,https://en.wikipedia.org/wiki/Physics
Leibniz,see,Newton,https://en.wikipedia.org/wiki/Physics
Moore,retrieve,Leggett,https://en.wikipedia.org/wiki/Physics
Leggett,retrieve,Levy,https://en.wikipedia.org/wiki/Physics
Levy,retrieve,Stajic,https://en.wikipedia.org/wiki/Physics
Stajic,retrieve,Osborne,https://en.wikipedia.org/wiki/Physics
Osborne,retrieve,Mattis,https://en.wikipedia.org/wiki/Physics
Mattis,retrieve,American Physical Society,https://en.wikipedia.org/wiki/Physics
Quanta Magazine,compile,sci.physics,https://en.wikipedia.org/wiki/Physics
sci.physics,compile,the Wayback Machine,https://en.wikipedia.org/wiki/Physics
the Wayback Machine,compile,World of Physics,https://en.wikipedia.org/wiki/Physics
World of Physics,compile,the Wayback Machine,https://en.wikipedia.org/wiki/Physics
the Wayback Machine,compile,Nature Physics,https://en.wikipedia.org/wiki/Physics
Nature Physics,compile,the Wayback Machine,https://en.wikipedia.org/wiki/Physics
the Wayback Machine,compile,the American Physical Society,https://en.wikipedia.org/wiki/Physics
The Vega Science Trust,archive,the Wayback Machine,https://en.wikipedia.org/wiki/Physics
the Wayback Machine,archive,Georgia State University,https://en.wikipedia.org/wiki/Physics
Georgia State University,archive,MIT,https://en.wikipedia.org/wiki/Physics
MIT,archive,the Wayback Machine,https://en.wikipedia.org/wiki/Physics
the Wayback Machine,archive,Massachusetts Institute of Technology,https://en.wikipedia.org/wiki/Physics
Comparison,describe,Weidner,https://en.wikipedia.org/wiki/Classical_physics
laws,give,rise,https://en.wikipedia.org/wiki/Classical_physics
